bonus_id,user_id,promo_code,claimed_date,bonus_amount,status,_is_abuse
BON00001,USR01181,NEWUSER75,2024-03-09 07:34:16,100,approved,False
BON00002,USR01181,WELCOME50,2024-09-07 02:43:59,50,approved,False
BON00003,USR01384,WELCOME50,2024-12-16 07:34:51,200,rejected,False
BON00004,USR01384,FESTIVE200,2024-06-24 12:01:17,200,rejected,False
BON00005,USR00771,WELCOME50,2024-05-25 06:17:15,75,rejected,False
BON00006,USR01706,SUMMER100,2024-01-13 13:18:23,200,approved,False
BON00007,USR00662,FESTIVE200,2024-12-19 14:03:30,50,approved,False
BON00008,USR00662,FESTIVE200,2024-11-19 09:03:34,200,approved,False
BON00009,USR01657,SUMMER100,2024-11-07 14:55:18,50,approved,False
BON00010,USR01657,NEWUSER75,2024-12-29 10:13:36,75,approved,False
BON00011,USR00649,FESTIVE200,2024-12-13 12:39:40,50,approved,False
BON00012,USR00649,CASHBACK20,2024-04-10 09:50:57,50,approved,False
BON00013,USR01074,CASHBACK20,2024-05-10 09:33:59,200,approved,False
BON00014,USR00170,SUMMER100,2024-03-16 08:19:58,100,approved,False
BON00015,USR01924,CASHBACK20,2024-06-17 01:13:55,100,rejected,False
BON00016,USR01020,CASHBACK20,2024-10-23 15:37:38,50,clawback,False
BON00017,USR01020,CASHBACK20,2024-01-25 06:00:39,100,approved,False
BON00018,USR00592,CASHBACK20,2024-06-02 13:02:42,75,approved,False
BON00019,USR01439,SUMMER100,2024-05-07 10:16:40,75,approved,False
BON00020,USR01439,CASHBACK20,2024-03-20 20:39:54,100,clawback,False
BON00021,USR01707,NEWUSER75,2024-10-18 12:47:49,200,approved,False
BON00022,USR01809,FESTIVE200,2024-04-25 10:14:09,75,clawback,False
BON00023,USR01716,WELCOME50,2024-02-05 10:28:34,50,approved,False
BON00024,USR01716,NEWUSER75,2024-11-01 07:33:01,200,approved,False
BON00025,USR00316,FESTIVE200,2024-02-07 04:21:48,200,approved,False
BON00026,USR01907,CASHBACK20,2024-01-19 01:19:57,100,clawback,False
BON00027,USR00560,FESTIVE200,2024-04-22 11:17:21,100,approved,True
BON00028,USR00560,FESTIVE200,2024-10-03 00:20:30,75,rejected,True
BON00029,USR00560,NEWUSER75,2024-11-07 14:01:02,50,approved,True
BON00030,USR00560,CASHBACK20,2024-11-28 14:43:59,50,approved,True
BON00031,USR01967,SUMMER100,2024-06-28 09:18:21,100,approved,False
BON00032,USR01511,WELCOME50,2024-12-19 13:50:11,50,rejected,False
BON00033,USR00534,CASHBACK20,2024-01-13 16:23:35,200,approved,False
BON00034,USR00238,WELCOME50,2024-11-04 12:14:52,50,approved,False
BON00035,USR00824,SUMMER100,2024-04-10 06:50:13,200,rejected,False
BON00036,USR00824,NEWUSER75,2024-01-19 03:18:02,50,approved,False
BON00037,USR00750,NEWUSER75,2024-03-14 02:09:34,75,clawback,False
BON00038,USR01035,CASHBACK20,2024-02-04 13:49:07,75,approved,False
BON00039,USR00784,CASHBACK20,2024-02-14 02:26:38,50,approved,False
BON00040,USR00784,SUMMER100,2024-07-21 03:06:39,100,clawback,False
BON00041,USR00506,CASHBACK20,2024-02-21 20:56:50,50,rejected,False
BON00042,USR00506,NEWUSER75,2024-05-18 17:53:42,75,approved,False
BON00043,USR01502,WELCOME50,2024-06-05 10:34:43,75,rejected,False
BON00044,USR00628,CASHBACK20,2024-04-02 18:27:33,100,approved,False
BON00045,USR00628,SUMMER100,2024-10-12 11:59:07,100,rejected,False
BON00046,USR00558,NEWUSER75,2024-11-05 18:37:27,100,clawback,False
BON00047,USR00558,CASHBACK20,2024-10-13 03:14:47,100,approved,False
BON00048,USR01528,SUMMER100,2024-05-23 19:46:49,200,approved,False
BON00049,USR01477,WELCOME50,2024-02-06 19:55:31,100,approved,False
BON00050,USR01477,WELCOME50,2024-04-26 18:26:56,100,approved,False
BON00051,USR01004,NEWUSER75,2024-01-26 05:57:38,100,rejected,False
BON00052,USR01004,NEWUSER75,2024-10-14 04:50:19,50,approved,False
BON00053,USR01513,CASHBACK20,2024-08-17 19:14:26,75,clawback,False
BON00054,USR01108,FESTIVE200,2024-09-22 10:14:28,100,clawback,False
BON00055,USR01108,WELCOME50,2024-05-27 09:30:38,75,approved,False
BON00056,USR00508,SUMMER100,2024-05-17 00:51:03,75,approved,False
BON00057,USR00508,WELCOME50,2024-07-29 07:45:07,75,rejected,False
BON00058,USR00370,CASHBACK20,2024-03-18 04:54:12,75,approved,False
BON00059,USR00370,NEWUSER75,2024-10-14 13:31:30,50,approved,False
BON00060,USR00829,FESTIVE200,2024-08-15 21:26:06,50,approved,False
BON00061,USR01376,CASHBACK20,2024-11-10 07:37:28,75,rejected,False
BON00062,USR01376,NEWUSER75,2024-07-17 02:48:41,50,approved,False
BON00063,USR00349,FESTIVE200,2024-09-26 01:36:03,200,rejected,True
BON00064,USR00349,CASHBACK20,2024-08-07 17:29:23,100,approved,True
BON00065,USR00349,CASHBACK20,2024-02-18 01:43:20,50,approved,True
BON00066,USR00349,NEWUSER75,2024-06-07 07:50:15,50,approved,True
BON00067,USR00349,FESTIVE200,2024-07-25 02:37:14,50,rejected,True
BON00068,USR00531,FESTIVE200,2024-09-16 05:27:02,200,approved,False
BON00069,USR00531,SUMMER100,2024-12-10 02:22:21,75,approved,False
BON00070,USR01236,CASHBACK20,2024-08-17 08:33:03,100,clawback,False
BON00071,USR01236,FESTIVE200,2024-08-19 21:42:00,50,approved,False
BON00072,USR01228,FESTIVE200,2024-11-21 05:42:40,100,approved,False
BON00073,USR00131,FESTIVE200,2024-10-27 06:56:57,75,approved,False
BON00074,USR00626,FESTIVE200,2024-09-27 22:43:38,200,rejected,False
BON00075,USR00517,NEWUSER75,2024-03-18 17:57:38,200,rejected,False
BON00076,USR00517,WELCOME50,2024-01-10 10:42:07,50,approved,False
BON00077,USR00394,CASHBACK20,2024-01-04 10:56:26,200,approved,False
BON00078,USR00122,FESTIVE200,2024-02-20 15:29:54,200,approved,False
BON00079,USR00158,CASHBACK20,2024-04-21 14:29:41,75,approved,False
BON00080,USR00158,WELCOME50,2024-04-30 14:48:11,100,clawback,False
BON00081,USR00629,CASHBACK20,2024-10-18 07:49:07,50,approved,False
BON00082,USR00629,WELCOME50,2024-10-16 12:53:33,100,approved,False
BON00083,USR01677,SUMMER100,2024-02-10 15:28:21,50,clawback,False
BON00084,USR01677,SUMMER100,2024-04-21 20:44:12,100,approved,False
BON00085,USR01953,WELCOME50,2024-07-07 13:42:39,100,approved,False
BON00086,USR01953,CASHBACK20,2024-02-20 12:00:20,75,approved,False
BON00087,USR01136,SUMMER100,2024-02-03 05:26:28,200,approved,False
BON00088,USR01013,NEWUSER75,2024-09-22 11:23:14,50,clawback,False
BON00089,USR01738,WELCOME50,2024-09-02 10:40:58,200,approved,False
BON00090,USR00856,WELCOME50,2024-01-19 20:12:34,75,approved,False
BON00091,USR00856,NEWUSER75,2024-04-07 04:42:03,75,approved,False
BON00092,USR00455,SUMMER100,2024-03-13 01:58:21,100,rejected,False
BON00093,USR01591,WELCOME50,2024-12-20 16:07:20,200,rejected,True
BON00094,USR01591,WELCOME50,2024-12-13 00:50:02,100,rejected,True
BON00095,USR01591,WELCOME50,2024-08-29 02:27:29,100,approved,True
BON00096,USR01591,NEWUSER75,2024-05-12 11:48:40,100,approved,True
BON00097,USR01591,SUMMER100,2024-09-11 05:36:35,200,approved,True
BON00098,USR01591,NEWUSER75,2024-09-18 08:07:46,75,approved,True
BON00099,USR01573,WELCOME50,2024-03-16 11:35:43,75,approved,False
BON00100,USR00819,CASHBACK20,2024-01-31 18:32:36,50,approved,False
BON00101,USR01697,CASHBACK20,2024-09-20 00:16:30,75,clawback,False
BON00102,USR01697,WELCOME50,2024-10-23 16:27:23,200,approved,False
BON00103,USR00623,NEWUSER75,2024-03-09 14:03:57,75,clawback,False
BON00104,USR00623,SUMMER100,2024-04-19 05:30:13,75,approved,False
BON00105,USR00941,FESTIVE200,2024-10-26 00:59:42,75,approved,False
BON00106,USR00863,FESTIVE200,2024-12-04 11:26:16,100,approved,False
BON00107,USR00863,SUMMER100,2024-08-24 23:02:00,75,approved,False
BON00108,USR00631,CASHBACK20,2024-11-08 06:52:24,200,rejected,False
BON00109,USR00493,WELCOME50,2024-04-09 21:11:09,50,rejected,False
BON00110,USR01595,NEWUSER75,2024-09-29 19:12:41,200,rejected,False
BON00111,USR01177,WELCOME50,2024-08-12 22:59:25,200,rejected,True
BON00112,USR01177,SUMMER100,2024-09-26 19:20:27,50,approved,True
BON00113,USR01177,CASHBACK20,2024-07-07 12:08:04,50,approved,True
BON00114,USR01177,FESTIVE200,2024-08-09 19:34:19,200,approved,True
BON00115,USR01177,FESTIVE200,2024-01-30 00:32:00,100,approved,True
BON00116,USR01177,FESTIVE200,2024-10-29 04:39:29,75,approved,True
BON00117,USR01177,FESTIVE200,2024-08-28 07:03:39,200,approved,True
BON00118,USR01177,FESTIVE200,2024-06-09 03:03:16,100,approved,True
BON00119,USR00027,FESTIVE200,2024-09-01 18:52:03,50,approved,False
BON00120,USR00678,SUMMER100,2024-03-11 06:43:02,100,approved,False
BON00121,USR00678,CASHBACK20,2024-04-23 20:53:10,200,approved,False
BON00122,USR01008,NEWUSER75,2024-07-30 08:10:41,200,rejected,False
BON00123,USR00640,WELCOME50,2024-02-08 12:53:21,100,approved,False
BON00124,USR01285,FESTIVE200,2024-03-04 21:24:13,75,approved,False
BON00125,USR01285,WELCOME50,2024-08-12 05:36:55,75,approved,False
BON00126,USR01284,CASHBACK20,2024-01-07 09:45:30,100,approved,False
BON00127,USR01284,WELCOME50,2024-10-27 00:49:29,50,approved,False
BON00128,USR00576,NEWUSER75,2024-10-21 17:05:43,100,approved,False
BON00129,USR00576,NEWUSER75,2024-01-13 06:41:24,75,approved,False
BON00130,USR00708,SUMMER100,2024-03-02 03:55:15,100,approved,False
BON00131,USR00708,FESTIVE200,2024-07-02 04:13:52,75,rejected,False
BON00132,USR01154,FESTIVE200,2024-03-19 22:58:18,100,clawback,False
BON00133,USR01717,FESTIVE200,2024-03-29 20:21:27,100,approved,False
BON00134,USR01303,FESTIVE200,2024-08-31 07:52:55,75,approved,False
BON00135,USR01303,FESTIVE200,2024-11-25 06:58:30,50,rejected,False
BON00136,USR01476,WELCOME50,2024-02-19 06:34:23,50,approved,False
BON00137,USR00366,FESTIVE200,2024-07-23 04:20:06,50,clawback,False
BON00138,USR00366,NEWUSER75,2024-05-23 02:45:15,75,approved,False
BON00139,USR00392,FESTIVE200,2024-04-13 11:46:49,100,approved,False
BON00140,USR01400,SUMMER100,2024-09-22 17:02:22,100,approved,False
BON00141,USR00439,FESTIVE200,2024-10-07 14:09:23,50,approved,False
BON00142,USR00466,CASHBACK20,2024-06-30 03:02:26,50,approved,False
BON00143,USR00893,WELCOME50,2024-05-19 08:14:57,200,clawback,False
BON00144,USR00893,CASHBACK20,2024-04-08 18:33:12,75,rejected,False
BON00145,USR01424,WELCOME50,2024-10-25 01:00:07,200,approved,False
BON00146,USR01424,SUMMER100,2024-10-09 17:22:24,200,approved,False
BON00147,USR00516,WELCOME50,2024-11-10 04:16:49,200,rejected,False
BON00148,USR01510,FESTIVE200,2024-10-14 06:02:12,75,clawback,False
BON00149,USR01339,WELCOME50,2024-05-19 20:36:02,50,approved,False
BON00150,USR00168,CASHBACK20,2024-08-08 23:07:15,75,approved,False
BON00151,USR00168,FESTIVE200,2024-12-16 04:41:08,200,approved,False
BON00152,USR01211,CASHBACK20,2024-11-29 19:09:49,50,approved,False
BON00153,USR00078,WELCOME50,2024-04-17 18:47:29,200,approved,False
BON00154,USR01244,WELCOME50,2024-06-02 05:28:27,200,rejected,False
BON00155,USR01244,FESTIVE200,2024-06-09 01:52:03,200,approved,False
BON00156,USR00427,FESTIVE200,2024-06-26 05:46:01,100,approved,False
BON00157,USR00427,NEWUSER75,2024-11-17 06:39:02,200,clawback,False
BON00158,USR00936,NEWUSER75,2024-07-02 19:45:20,200,rejected,False
BON00159,USR00936,WELCOME50,2024-08-31 23:21:25,100,rejected,False
BON00160,USR00008,FESTIVE200,2024-04-03 23:24:24,200,approved,False
BON00161,USR00008,SUMMER100,2024-04-02 02:24:15,100,approved,False
BON00162,USR00507,WELCOME50,2024-08-23 17:55:45,50,approved,False
BON00163,USR00010,NEWUSER75,2024-09-07 15:40:37,200,approved,False
BON00164,USR00010,NEWUSER75,2024-09-28 09:54:28,200,approved,False
BON00165,USR00707,WELCOME50,2024-01-01 07:51:45,50,approved,False
BON00166,USR00707,CASHBACK20,2024-04-29 11:22:02,50,rejected,False
BON00167,USR00020,SUMMER100,2024-01-14 04:54:30,100,approved,False
BON00168,USR00020,NEWUSER75,2024-04-09 13:40:35,200,clawback,False
BON00169,USR00171,SUMMER100,2024-07-19 22:04:07,200,approved,False
BON00170,USR00171,CASHBACK20,2024-08-06 07:38:15,100,rejected,False
BON00171,USR01374,CASHBACK20,2024-01-26 09:10:19,100,rejected,False
BON00172,USR01374,FESTIVE200,2024-02-21 16:45:01,50,approved,False
BON00173,USR00083,CASHBACK20,2024-12-25 13:37:47,75,approved,False
BON00174,USR00804,FESTIVE200,2024-02-06 22:36:02,75,approved,False
BON00175,USR01882,NEWUSER75,2024-04-19 02:04:00,200,approved,False
BON00176,USR00149,NEWUSER75,2024-09-10 12:11:13,200,clawback,False
BON00177,USR00149,WELCOME50,2024-02-15 15:17:47,75,approved,False
BON00178,USR00202,CASHBACK20,2024-01-11 07:03:40,50,approved,False
BON00179,USR00362,CASHBACK20,2024-05-11 03:18:40,200,approved,False
BON00180,USR01097,FESTIVE200,2024-10-29 02:51:02,100,rejected,False
BON00181,USR01840,FESTIVE200,2024-06-25 06:23:21,75,rejected,False
BON00182,USR01859,SUMMER100,2024-09-19 03:47:20,200,approved,False
BON00183,USR01250,SUMMER100,2024-07-14 23:25:35,200,approved,False
BON00184,USR00684,FESTIVE200,2024-09-11 13:18:12,50,approved,False
BON00185,USR00194,WELCOME50,2024-05-18 04:45:13,100,approved,False
BON00186,USR00194,CASHBACK20,2024-10-06 14:26:19,75,approved,False
BON00187,USR00772,NEWUSER75,2024-12-16 03:21:15,75,rejected,False
BON00188,USR01171,CASHBACK20,2024-05-23 09:37:56,100,approved,False
BON00189,USR01171,CASHBACK20,2024-05-16 22:25:20,75,approved,False
BON00190,USR01704,FESTIVE200,2024-03-03 17:12:50,75,approved,False
BON00191,USR01704,FESTIVE200,2024-04-25 02:55:14,50,approved,False
BON00192,USR00940,NEWUSER75,2024-10-28 14:09:57,75,rejected,False
BON00193,USR01068,FESTIVE200,2024-11-07 11:37:57,50,clawback,False
BON00194,USR01068,WELCOME50,2024-02-18 16:48:53,100,approved,False
BON00195,USR01480,FESTIVE200,2024-08-03 06:09:01,100,approved,False
BON00196,USR01480,FESTIVE200,2024-11-26 06:29:14,50,clawback,False
BON00197,USR00199,SUMMER100,2024-07-25 15:52:53,200,rejected,False
BON00198,USR00199,SUMMER100,2024-02-22 13:02:56,100,approved,False
BON00199,USR00887,WELCOME50,2024-07-03 16:01:50,50,rejected,False
BON00200,USR00887,WELCOME50,2024-02-18 09:00:56,200,approved,False
BON00201,USR01041,FESTIVE200,2024-02-07 21:36:55,100,rejected,False
BON00202,USR01041,FESTIVE200,2024-02-29 09:19:27,100,approved,False
BON00203,USR00848,FESTIVE200,2024-04-25 00:02:51,50,approved,False
BON00204,USR00848,SUMMER100,2024-08-16 19:52:41,200,rejected,False
BON00205,USR00577,FESTIVE200,2024-01-22 14:46:30,75,approved,False
BON00206,USR00577,NEWUSER75,2024-02-09 07:57:45,75,clawback,False
BON00207,USR00956,NEWUSER75,2024-04-16 13:07:32,100,approved,False
BON00208,USR00273,WELCOME50,2024-09-14 20:05:03,50,approved,False
BON00209,USR00095,NEWUSER75,2024-03-05 02:47:33,200,rejected,False
BON00210,USR00095,WELCOME50,2024-04-09 00:10:51,100,approved,False
BON00211,USR01833,CASHBACK20,2024-11-29 18:05:32,100,rejected,False
BON00212,USR01117,CASHBACK20,2024-02-27 00:19:53,100,rejected,False
BON00213,USR01951,WELCOME50,2024-07-08 14:22:46,75,approved,False
BON00214,USR01951,NEWUSER75,2024-06-06 06:33:19,50,approved,False
BON00215,USR01881,FESTIVE200,2024-03-27 23:31:27,200,rejected,False
BON00216,USR01881,FESTIVE200,2024-06-28 16:40:42,75,rejected,False
BON00217,USR00260,FESTIVE200,2024-04-11 21:06:45,200,rejected,False
BON00218,USR00279,SUMMER100,2024-02-24 12:36:14,200,approved,False
BON00219,USR00279,FESTIVE200,2024-01-06 17:41:07,50,clawback,False
BON00220,USR01535,SUMMER100,2024-01-03 06:52:54,50,approved,False
BON00221,USR00344,CASHBACK20,2024-04-25 05:02:31,75,approved,False
BON00222,USR00344,CASHBACK20,2024-08-18 07:41:19,50,approved,False
BON00223,USR00423,SUMMER100,2024-01-18 09:56:31,100,approved,False
BON00224,USR00423,NEWUSER75,2024-06-29 01:56:16,50,rejected,False
BON00225,USR00190,WELCOME50,2024-05-07 18:48:22,100,rejected,False
BON00226,USR00190,WELCOME50,2024-07-06 07:39:07,50,approved,False
BON00227,USR00751,WELCOME50,2024-09-13 20:00:06,100,approved,False
BON00228,USR01531,WELCOME50,2024-10-07 04:46:57,75,rejected,False
BON00229,USR00775,CASHBACK20,2024-02-24 22:18:18,75,approved,False
BON00230,USR01060,CASHBACK20,2024-06-03 15:26:32,100,rejected,False
BON00231,USR01739,SUMMER100,2024-03-15 13:30:07,200,approved,False
BON00232,USR01739,WELCOME50,2024-12-06 11:55:48,50,approved,False
BON00233,USR00968,WELCOME50,2024-04-24 20:46:27,50,approved,False
BON00234,USR00968,CASHBACK20,2024-07-21 20:26:28,50,rejected,False
BON00235,USR00621,SUMMER100,2024-10-31 11:33:38,50,approved,False
BON00236,USR00621,CASHBACK20,2024-10-07 20:41:31,100,approved,False
BON00237,USR00259,FESTIVE200,2024-10-10 12:35:29,200,approved,False
BON00238,USR00259,NEWUSER75,2024-04-03 13:47:15,200,clawback,False
BON00239,USR00414,WELCOME50,2024-12-01 06:38:34,200,approved,False
BON00240,USR00414,FESTIVE200,2024-02-09 01:44:34,75,approved,False
BON00241,USR01603,NEWUSER75,2024-09-14 04:19:04,200,rejected,False
BON00242,USR01603,NEWUSER75,2024-08-20 07:26:50,100,approved,False
BON00243,USR01712,CASHBACK20,2024-05-18 18:15:36,100,approved,False
BON00244,USR01712,FESTIVE200,2024-08-19 11:11:47,200,approved,False
BON00245,USR00284,CASHBACK20,2024-08-07 06:55:20,100,rejected,False
BON00246,USR01114,NEWUSER75,2024-01-15 17:37:39,50,approved,False
BON00247,USR01114,FESTIVE200,2024-12-03 23:43:39,200,approved,False
BON00248,USR00235,FESTIVE200,2024-01-31 02:11:05,50,approved,False
BON00249,USR00235,SUMMER100,2024-03-22 17:33:06,75,clawback,False
BON00250,USR00271,CASHBACK20,2024-11-18 11:22:56,100,clawback,False
BON00251,USR01072,FESTIVE200,2024-03-31 00:10:50,50,approved,False
BON00252,USR01072,SUMMER100,2024-06-25 08:06:51,100,rejected,False
BON00253,USR00388,FESTIVE200,2024-03-31 21:26:37,100,clawback,False
BON00254,USR00388,CASHBACK20,2024-03-22 22:44:14,50,approved,False
BON00255,USR01618,FESTIVE200,2024-06-08 12:43:35,75,approved,False
BON00256,USR01618,SUMMER100,2024-02-24 16:52:15,200,approved,False
BON00257,USR00214,FESTIVE200,2024-09-24 23:44:06,75,approved,False
BON00258,USR00214,NEWUSER75,2024-01-26 19:11:23,75,clawback,False
BON00259,USR01679,FESTIVE200,2024-07-17 10:58:54,100,approved,False
BON00260,USR01679,SUMMER100,2024-02-20 05:14:47,100,rejected,False
BON00261,USR01031,WELCOME50,2024-01-31 23:30:44,75,approved,False
BON00262,USR01031,NEWUSER75,2024-07-04 13:03:37,200,clawback,False
BON00263,USR00541,SUMMER100,2024-02-23 11:26:52,200,rejected,False
BON00264,USR00607,WELCOME50,2024-11-07 10:46:59,100,rejected,False
BON00265,USR00646,NEWUSER75,2024-07-12 15:07:48,200,approved,False
BON00266,USR00781,WELCOME50,2024-04-07 00:11:17,50,rejected,False
BON00267,USR00781,CASHBACK20,2024-09-09 06:36:23,50,clawback,False
BON00268,USR01648,CASHBACK20,2024-01-15 18:35:50,100,rejected,False
BON00269,USR01161,FESTIVE200,2024-02-29 23:02:44,100,approved,False
BON00270,USR01161,WELCOME50,2024-02-25 16:06:24,75,approved,False
BON00271,USR01660,SUMMER100,2024-11-08 23:11:56,75,approved,True
BON00272,USR01660,CASHBACK20,2024-02-13 20:39:28,100,clawback,True
BON00273,USR01660,NEWUSER75,2024-02-07 23:05:47,50,approved,True
BON00274,USR01660,FESTIVE200,2024-04-12 06:32:24,200,approved,True
BON00275,USR01660,CASHBACK20,2024-12-14 14:37:09,75,approved,True
BON00276,USR01660,WELCOME50,2024-05-26 10:27:58,200,approved,True
BON00277,USR01660,NEWUSER75,2024-08-28 06:34:15,50,approved,True
BON00278,USR01690,NEWUSER75,2024-11-26 12:18:05,75,approved,False
BON00279,USR01690,WELCOME50,2024-09-13 03:53:06,200,approved,False
BON00280,USR01874,SUMMER100,2024-09-29 18:01:54,200,rejected,False
BON00281,USR01874,NEWUSER75,2024-02-20 09:38:33,75,rejected,False
BON00282,USR00294,WELCOME50,2024-12-11 00:30:37,50,rejected,False
BON00283,USR01598,SUMMER100,2024-03-24 08:21:41,200,approved,False
BON00284,USR01598,NEWUSER75,2024-04-16 13:46:50,75,clawback,False
BON00285,USR00752,WELCOME50,2024-10-10 09:27:48,75,approved,False
BON00286,USR01599,CASHBACK20,2024-11-26 10:40:56,100,approved,False
BON00287,USR01036,WELCOME50,2024-10-30 01:13:24,75,approved,False
BON00288,USR00373,WELCOME50,2024-08-14 21:06:21,50,rejected,False
BON00289,USR00257,CASHBACK20,2024-04-20 03:52:34,50,approved,False
BON00290,USR00257,SUMMER100,2024-09-29 15:34:28,200,approved,False
BON00291,USR01363,FESTIVE200,2024-04-29 15:37:03,75,approved,False
BON00292,USR00776,CASHBACK20,2024-03-26 22:24:31,75,rejected,False
BON00293,USR00633,WELCOME50,2024-03-24 11:45:40,75,approved,False
BON00294,USR01245,FESTIVE200,2024-10-30 11:30:09,200,clawback,True
BON00295,USR01245,NEWUSER75,2024-07-08 05:19:25,100,approved,True
BON00296,USR01245,SUMMER100,2024-05-09 19:30:06,100,approved,True
BON00297,USR01245,WELCOME50,2024-07-18 21:24:24,50,approved,True
BON00298,USR01245,CASHBACK20,2024-08-02 06:05:08,75,clawback,True
BON00299,USR01245,WELCOME50,2024-04-13 10:31:48,100,rejected,True
BON00300,USR01245,NEWUSER75,2024-10-04 03:33:53,75,rejected,True
BON00301,USR00958,NEWUSER75,2024-03-20 14:07:32,50,rejected,False
BON00302,USR01752,SUMMER100,2024-11-30 09:27:45,100,rejected,False
BON00303,USR01421,NEWUSER75,2024-07-07 12:28:51,100,approved,False
BON00304,USR01421,WELCOME50,2024-01-26 04:30:55,200,rejected,False
BON00305,USR01401,CASHBACK20,2024-03-06 07:38:23,100,clawback,False
BON00306,USR01401,SUMMER100,2024-09-28 13:43:05,75,approved,False
BON00307,USR01440,SUMMER100,2024-04-22 07:35:54,200,approved,False
BON00308,USR01440,WELCOME50,2024-11-30 03:04:38,50,approved,False
BON00309,USR00153,NEWUSER75,2024-11-04 20:46:19,200,rejected,False
BON00310,USR01818,WELCOME50,2024-03-12 23:03:03,75,approved,False
BON00311,USR00006,SUMMER100,2024-04-06 05:23:22,100,approved,False
BON00312,USR01378,NEWUSER75,2024-08-18 23:26:48,50,approved,False
BON00313,USR01378,FESTIVE200,2024-04-08 14:08:57,200,approved,False
BON00314,USR01843,CASHBACK20,2024-03-21 09:44:23,100,approved,False
BON00315,USR01647,CASHBACK20,2024-10-13 23:50:09,200,approved,False
BON00316,USR00915,NEWUSER75,2024-10-26 11:18:08,200,approved,True
BON00317,USR00915,SUMMER100,2024-12-18 00:34:16,100,approved,True
BON00318,USR00915,CASHBACK20,2024-08-17 11:33:04,75,approved,True
BON00319,USR00915,CASHBACK20,2024-01-01 21:54:56,200,approved,True
BON00320,USR00915,WELCOME50,2024-11-15 10:04:13,200,rejected,True
BON00321,USR00915,SUMMER100,2024-08-05 11:05:40,75,rejected,True
BON00322,USR00915,CASHBACK20,2024-11-28 16:18:20,75,approved,True
BON00323,USR00915,FESTIVE200,2024-05-18 15:34:03,200,approved,True
BON00324,USR01909,WELCOME50,2024-07-02 07:47:13,200,rejected,False
BON00325,USR01909,NEWUSER75,2024-06-20 17:31:20,75,rejected,False
BON00326,USR00611,CASHBACK20,2024-08-21 14:39:36,75,approved,False
BON00327,USR00364,NEWUSER75,2024-08-26 12:24:19,100,approved,False
BON00328,USR01978,SUMMER100,2024-08-04 19:13:42,200,approved,False
BON00329,USR01978,FESTIVE200,2024-07-13 14:56:00,200,rejected,False
BON00330,USR01819,CASHBACK20,2024-07-09 15:36:37,50,approved,False
BON00331,USR01819,WELCOME50,2024-07-06 09:06:27,100,rejected,False
BON00332,USR01921,WELCOME50,2024-04-22 11:01:28,50,clawback,False
BON00333,USR01921,CASHBACK20,2024-01-16 21:37:27,75,approved,False
BON00334,USR00243,CASHBACK20,2024-06-25 23:33:29,100,approved,False
BON00335,USR01542,WELCOME50,2024-05-29 11:39:21,50,rejected,False
BON00336,USR01051,CASHBACK20,2024-11-01 08:59:36,75,approved,False
BON00337,USR01334,FESTIVE200,2024-05-01 03:40:34,75,approved,False
BON00338,USR00215,NEWUSER75,2024-04-22 09:10:55,100,clawback,False
BON00339,USR00215,CASHBACK20,2024-06-13 23:33:05,75,rejected,False
BON00340,USR01675,FESTIVE200,2024-02-26 22:48:15,200,rejected,False
BON00341,USR00743,NEWUSER75,2024-07-22 22:10:57,200,rejected,False
BON00342,USR00743,FESTIVE200,2024-10-25 14:31:14,200,rejected,False
BON00343,USR00308,WELCOME50,2024-03-30 00:00:44,75,approved,False
BON00344,USR00308,FESTIVE200,2024-03-01 14:07:09,200,approved,False
BON00345,USR00127,FESTIVE200,2024-07-21 06:50:51,100,rejected,False
BON00346,USR00127,CASHBACK20,2024-11-03 07:16:09,50,approved,False
BON00347,USR01434,SUMMER100,2024-10-27 17:49:05,50,approved,False
BON00348,USR01570,SUMMER100,2024-11-08 01:10:49,75,approved,False
BON00349,USR01237,FESTIVE200,2024-09-14 11:52:45,75,approved,False
BON00350,USR01237,SUMMER100,2024-01-24 10:16:55,75,approved,False
BON00351,USR00579,FESTIVE200,2024-11-26 22:10:31,75,rejected,False
BON00352,USR00152,NEWUSER75,2024-10-09 05:59:44,100,approved,False
BON00353,USR00152,WELCOME50,2024-02-25 18:30:27,200,clawback,False
BON00354,USR01663,WELCOME50,2024-02-17 03:58:47,50,approved,False
BON00355,USR01410,NEWUSER75,2024-01-16 15:19:59,200,clawback,False
BON00356,USR01947,NEWUSER75,2024-09-08 13:19:14,50,rejected,False
BON00357,USR00140,WELCOME50,2024-04-24 11:03:22,75,approved,False
BON00358,USR01052,WELCOME50,2024-06-12 11:28:15,75,approved,False
BON00359,USR01954,NEWUSER75,2024-11-11 06:22:38,200,approved,False
BON00360,USR00933,NEWUSER75,2024-05-20 19:56:22,200,approved,False
BON00361,USR01137,NEWUSER75,2024-02-18 21:10:49,50,approved,False
BON00362,USR01137,CASHBACK20,2024-10-07 06:24:50,100,approved,False
BON00363,USR00872,NEWUSER75,2024-01-07 14:04:53,100,rejected,False
BON00364,USR00292,SUMMER100,2024-12-27 09:09:05,50,clawback,False
BON00365,USR00292,WELCOME50,2024-09-18 11:53:58,50,approved,False
BON00366,USR00221,SUMMER100,2024-03-28 18:05:59,200,clawback,False
BON00367,USR01043,FESTIVE200,2024-12-16 09:42:23,75,approved,False
BON00368,USR00063,CASHBACK20,2024-02-14 15:15:06,100,approved,False
BON00369,USR00426,SUMMER100,2024-01-30 04:49:35,50,rejected,False
BON00370,USR00733,WELCOME50,2024-09-29 01:48:30,75,approved,False
BON00371,USR00410,NEWUSER75,2024-02-02 00:18:23,50,approved,False
BON00372,USR00410,SUMMER100,2024-10-09 21:41:17,50,approved,False
BON00373,USR00104,NEWUSER75,2024-04-23 19:10:48,100,approved,False
BON00374,USR00104,NEWUSER75,2024-07-15 19:31:09,100,approved,False
BON00375,USR00841,NEWUSER75,2024-04-14 13:26:42,75,rejected,False
BON00376,USR00841,FESTIVE200,2024-05-01 13:46:20,50,approved,False
BON00377,USR01848,WELCOME50,2024-07-05 00:49:08,50,approved,False
BON00378,USR00359,NEWUSER75,2024-07-20 00:27:18,200,approved,False
BON00379,USR00754,FESTIVE200,2024-04-01 21:08:49,200,rejected,False
BON00380,USR00754,FESTIVE200,2024-03-08 07:54:06,75,approved,False
BON00381,USR00983,CASHBACK20,2024-01-17 13:15:50,75,approved,False
BON00382,USR00698,SUMMER100,2024-07-06 01:29:36,200,approved,False
BON00383,USR00698,CASHBACK20,2024-01-04 13:14:17,75,approved,False
BON00384,USR00463,FESTIVE200,2024-10-31 08:37:45,75,approved,False
BON00385,USR00432,CASHBACK20,2024-03-21 14:47:45,75,rejected,False
BON00386,USR00432,CASHBACK20,2024-05-18 11:08:45,75,approved,False
BON00387,USR00894,CASHBACK20,2024-07-27 14:50:43,50,approved,False
BON00388,USR00702,NEWUSER75,2024-12-30 21:11:45,75,approved,False
BON00389,USR00702,SUMMER100,2024-08-11 11:17:38,200,approved,False
BON00390,USR01500,SUMMER100,2024-06-09 08:24:49,50,approved,False
BON00391,USR01500,FESTIVE200,2024-03-02 02:36:12,50,approved,False
BON00392,USR01119,SUMMER100,2024-09-25 08:26:38,100,clawback,False
BON00393,USR01091,CASHBACK20,2024-01-24 06:42:46,50,approved,False
BON00394,USR01091,NEWUSER75,2024-04-05 13:57:12,200,approved,False
BON00395,USR01683,FESTIVE200,2024-07-31 01:21:45,100,clawback,False
BON00396,USR01163,SUMMER100,2024-04-27 18:19:31,75,approved,False
BON00397,USR01349,NEWUSER75,2024-10-28 12:04:59,200,rejected,False
BON00398,USR00777,WELCOME50,2024-09-10 14:51:48,75,approved,False
BON00399,USR01352,SUMMER100,2024-11-17 14:38:22,200,clawback,False
BON00400,USR01352,FESTIVE200,2024-07-29 01:34:47,75,approved,False
BON00401,USR00846,NEWUSER75,2024-11-25 12:03:03,200,approved,False
BON00402,USR01426,WELCOME50,2024-10-23 05:09:35,100,rejected,False
BON00403,USR01426,CASHBACK20,2024-09-09 21:45:40,100,rejected,False
BON00404,USR00312,WELCOME50,2024-09-23 11:48:49,100,approved,False
BON00405,USR00312,WELCOME50,2024-12-16 07:11:04,200,approved,False
BON00406,USR00229,CASHBACK20,2024-01-01 09:50:04,200,rejected,False
BON00407,USR00229,SUMMER100,2024-07-14 20:46:55,200,clawback,False
BON00408,USR01217,WELCOME50,2024-11-18 23:52:51,200,rejected,False
BON00409,USR01775,SUMMER100,2024-12-15 11:26:22,100,approved,False
BON00410,USR01775,WELCOME50,2024-11-20 21:06:04,75,approved,False
BON00411,USR00180,CASHBACK20,2024-06-05 07:50:18,200,approved,False
BON00412,USR00180,NEWUSER75,2024-07-03 00:26:18,100,approved,False
BON00413,USR00255,SUMMER100,2024-04-14 04:56:16,75,approved,False
BON00414,USR00255,SUMMER100,2024-04-08 21:19:10,200,approved,False
BON00415,USR00521,NEWUSER75,2024-09-04 13:13:07,200,approved,True
BON00416,USR00521,WELCOME50,2024-08-03 11:30:05,200,approved,True
BON00417,USR00521,NEWUSER75,2024-02-14 21:42:25,200,approved,True
BON00418,USR00521,NEWUSER75,2024-09-11 22:30:33,100,approved,True
BON00419,USR00521,SUMMER100,2024-03-16 13:15:09,75,approved,True
BON00420,USR00521,CASHBACK20,2024-12-29 04:48:34,75,approved,True
BON00421,USR00521,CASHBACK20,2024-03-19 03:47:15,75,rejected,True
BON00422,USR00521,SUMMER100,2024-02-04 23:01:43,75,approved,True
BON00423,USR00330,NEWUSER75,2024-12-03 14:43:01,50,rejected,False
BON00424,USR00994,SUMMER100,2024-05-17 08:18:13,100,approved,False
BON00425,USR00994,WELCOME50,2024-11-09 03:09:06,200,approved,False
BON00426,USR00601,FESTIVE200,2024-10-27 00:46:36,200,approved,False
BON00427,USR00964,FESTIVE200,2024-03-14 11:13:45,75,approved,False
BON00428,USR01259,FESTIVE200,2024-07-13 18:27:38,100,approved,False
BON00429,USR01257,WELCOME50,2024-06-09 09:01:21,100,rejected,False
BON00430,USR01257,SUMMER100,2024-01-01 21:35:09,50,approved,False
BON00431,USR01258,SUMMER100,2024-01-25 17:31:31,50,approved,False
BON00432,USR00896,FESTIVE200,2024-05-27 22:52:06,75,approved,False
BON00433,USR00896,NEWUSER75,2024-01-21 19:41:33,100,approved,False
BON00434,USR00476,SUMMER100,2024-11-06 22:24:29,100,approved,False
BON00435,USR01483,WELCOME50,2024-05-21 08:13:07,50,approved,False
BON00436,USR00998,WELCOME50,2024-06-26 12:19:03,50,approved,False
BON00437,USR00998,CASHBACK20,2024-06-09 14:01:59,75,approved,False
BON00438,USR00812,SUMMER100,2024-04-07 06:02:50,75,approved,False
BON00439,USR00812,FESTIVE200,2024-04-06 14:31:39,75,approved,False
BON00440,USR01463,CASHBACK20,2024-03-17 13:33:38,200,approved,False
BON00441,USR00007,SUMMER100,2024-04-07 00:54:17,200,approved,False
BON00442,USR01347,WELCOME50,2024-03-09 03:50:57,100,approved,False
BON00443,USR01347,WELCOME50,2024-06-08 23:35:46,200,approved,False
BON00444,USR01459,NEWUSER75,2024-11-19 10:19:07,100,approved,False
BON00445,USR01805,WELCOME50,2024-09-14 13:50:21,100,rejected,False
BON00446,USR00586,CASHBACK20,2024-10-16 11:06:29,75,approved,False
BON00447,USR00586,NEWUSER75,2024-01-28 14:35:19,100,approved,False
BON00448,USR01166,CASHBACK20,2024-02-20 04:47:01,75,clawback,False
BON00449,USR01166,NEWUSER75,2024-05-25 21:53:48,75,approved,False
BON00450,USR00436,FESTIVE200,2024-05-31 17:11:34,75,approved,False
BON00451,USR00436,NEWUSER75,2024-07-27 22:14:06,100,approved,False
BON00452,USR01417,WELCOME50,2024-07-01 18:22:49,100,approved,False
BON00453,USR01417,FESTIVE200,2024-02-14 09:24:20,75,clawback,False
BON00454,USR01558,SUMMER100,2024-07-02 08:48:09,100,approved,False
BON00455,USR01611,WELCOME50,2024-01-21 17:13:31,75,approved,False
BON00456,USR01611,SUMMER100,2024-08-08 19:54:26,75,approved,False
BON00457,USR01755,CASHBACK20,2024-08-18 04:19:53,75,approved,False
BON00458,USR00270,CASHBACK20,2024-03-04 06:39:56,200,approved,False
BON00459,USR00270,WELCOME50,2024-10-07 00:11:05,100,rejected,False
BON00460,USR01106,SUMMER100,2024-07-24 23:00:49,200,approved,False
BON00461,USR00303,FESTIVE200,2024-03-25 18:36:42,200,approved,False
BON00462,USR01064,SUMMER100,2024-10-05 04:58:31,100,clawback,False
BON00463,USR01064,NEWUSER75,2024-04-19 20:06:49,200,approved,False
BON00464,USR01280,WELCOME50,2024-04-04 09:18:57,75,rejected,False
BON00465,USR01280,CASHBACK20,2024-01-19 14:36:55,100,approved,False
BON00466,USR01273,SUMMER100,2024-05-28 08:31:19,100,approved,False
BON00467,USR00121,SUMMER100,2024-04-25 01:13:35,75,approved,False
BON00468,USR01116,SUMMER100,2024-11-26 10:44:28,50,rejected,False
BON00469,USR01116,FESTIVE200,2024-05-08 06:28:20,75,approved,False
BON00470,USR00696,FESTIVE200,2024-07-12 04:38:39,200,approved,False
BON00471,USR01002,NEWUSER75,2024-05-06 06:32:17,50,approved,False
BON00472,USR01002,SUMMER100,2024-05-25 21:16:47,200,approved,False
BON00473,USR01782,NEWUSER75,2024-04-16 18:26:27,100,approved,False
BON00474,USR00572,SUMMER100,2024-09-17 09:12:37,50,approved,False
BON00475,USR00572,CASHBACK20,2024-04-06 01:26:36,100,approved,False
BON00476,USR00424,WELCOME50,2024-07-14 23:55:03,200,approved,True
BON00477,USR00424,FESTIVE200,2024-10-03 03:29:07,50,approved,True
BON00478,USR00424,SUMMER100,2024-11-29 18:56:31,75,approved,True
BON00479,USR00424,CASHBACK20,2024-03-24 16:31:20,200,approved,True
BON00480,USR00424,WELCOME50,2024-04-05 22:19:57,50,approved,True
BON00481,USR00069,FESTIVE200,2024-11-03 14:09:14,75,approved,False
BON00482,USR00585,NEWUSER75,2024-07-16 12:14:43,50,approved,False
BON00483,USR01932,NEWUSER75,2024-10-07 18:02:48,50,approved,False
BON00484,USR01932,CASHBACK20,2024-08-10 06:11:08,75,approved,False
BON00485,USR00181,NEWUSER75,2024-02-18 20:13:13,200,approved,False
BON00486,USR00737,WELCOME50,2024-09-18 17:07:33,75,approved,False
BON00487,USR00737,FESTIVE200,2024-12-14 03:16:50,75,clawback,False
BON00488,USR01760,WELCOME50,2024-08-23 02:41:52,75,rejected,False
BON00489,USR01760,NEWUSER75,2024-12-10 14:42:19,50,approved,False
BON00490,USR01754,SUMMER100,2024-01-16 12:07:34,100,approved,False
BON00491,USR01754,FESTIVE200,2024-04-14 23:07:01,200,approved,False
BON00492,USR01613,CASHBACK20,2024-01-11 11:24:32,75,rejected,False
BON00493,USR00124,SUMMER100,2024-11-16 17:46:53,75,approved,True
BON00494,USR00124,SUMMER100,2024-01-19 06:24:54,100,approved,True
BON00495,USR00124,WELCOME50,2024-01-07 09:10:05,100,rejected,True
BON00496,USR00124,NEWUSER75,2024-05-17 18:43:15,75,rejected,True
BON00497,USR01799,SUMMER100,2024-08-07 02:51:05,100,approved,False
BON00498,USR01799,NEWUSER75,2024-12-18 06:46:37,50,clawback,False
BON00499,USR00904,FESTIVE200,2024-08-03 05:41:26,100,rejected,True
BON00500,USR00904,NEWUSER75,2024-04-04 06:12:17,200,approved,True
BON00501,USR00904,NEWUSER75,2024-03-22 20:33:20,200,approved,True
BON00502,USR00904,FESTIVE200,2024-12-05 14:42:22,100,clawback,True
BON00503,USR00904,WELCOME50,2024-10-24 14:07:28,200,approved,True
BON00504,USR01891,NEWUSER75,2024-11-20 09:32:03,200,rejected,False
BON00505,USR00682,SUMMER100,2024-11-27 06:38:12,50,approved,False
BON00506,USR01742,WELCOME50,2024-10-28 19:55:01,100,approved,False
BON00507,USR01742,CASHBACK20,2024-11-19 11:15:25,100,approved,False
BON00508,USR00758,CASHBACK20,2024-12-02 18:48:05,50,approved,False
BON00509,USR00758,WELCOME50,2024-02-09 10:41:52,200,approved,False
BON00510,USR00736,FESTIVE200,2024-12-19 13:03:14,75,approved,False
BON00511,USR00736,WELCOME50,2024-04-12 00:40:43,100,rejected,False
BON00512,USR00060,NEWUSER75,2024-03-20 00:00:59,50,approved,True
BON00513,USR00060,SUMMER100,2024-08-09 01:31:17,75,approved,True
BON00514,USR00060,SUMMER100,2024-01-12 20:03:42,75,approved,True
BON00515,USR00060,CASHBACK20,2024-07-10 06:44:31,100,approved,True
BON00516,USR00060,WELCOME50,2024-10-01 05:06:47,100,rejected,True
BON00517,USR01839,FESTIVE200,2024-05-15 02:10:49,75,approved,False
BON00518,USR00518,NEWUSER75,2024-08-25 01:42:24,50,approved,False
BON00519,USR01626,WELCOME50,2024-09-21 05:05:10,200,approved,False
BON00520,USR01593,CASHBACK20,2024-01-18 18:12:22,200,approved,False
BON00521,USR01593,NEWUSER75,2024-10-02 00:40:15,200,approved,False
BON00522,USR01898,SUMMER100,2024-12-17 14:28:33,100,approved,False
BON00523,USR01898,NEWUSER75,2024-02-20 02:51:46,50,rejected,False
BON00524,USR01321,CASHBACK20,2024-11-02 22:52:59,50,approved,False
BON00525,USR01321,NEWUSER75,2024-11-29 17:02:50,50,approved,False
BON00526,USR00084,WELCOME50,2024-02-27 12:44:05,100,rejected,False
BON00527,USR00084,CASHBACK20,2024-11-19 09:08:39,75,rejected,False
BON00528,USR01643,SUMMER100,2024-09-10 07:02:19,75,approved,False
BON00529,USR01643,FESTIVE200,2024-12-05 07:27:10,200,approved,False
BON00530,USR00548,WELCOME50,2024-10-29 06:41:04,75,rejected,False
BON00531,USR00704,CASHBACK20,2024-12-24 03:44:20,100,clawback,False
BON00532,USR00704,FESTIVE200,2024-07-10 23:37:07,100,rejected,False
BON00533,USR00357,CASHBACK20,2024-09-15 00:09:50,75,approved,False
BON00534,USR00357,FESTIVE200,2024-08-10 08:38:59,100,approved,False
BON00535,USR00622,CASHBACK20,2024-12-05 15:12:27,100,approved,False
BON00536,USR00622,WELCOME50,2024-02-16 02:43:45,100,rejected,False
BON00537,USR00299,NEWUSER75,2024-12-12 01:27:59,100,approved,False
BON00538,USR00299,FESTIVE200,2024-01-01 21:15:56,50,rejected,False
BON00539,USR00939,SUMMER100,2024-05-23 19:59:47,100,approved,False
BON00540,USR01078,CASHBACK20,2024-11-29 20:09:53,200,approved,False
BON00541,USR01078,SUMMER100,2024-02-27 15:29:30,200,approved,False
BON00542,USR00605,FESTIVE200,2024-09-04 17:09:58,100,approved,False
BON00543,USR00605,SUMMER100,2024-08-28 15:42:24,200,approved,False
BON00544,USR01142,CASHBACK20,2024-08-30 13:35:47,100,approved,False
BON00545,USR00242,NEWUSER75,2024-11-23 11:27:46,50,rejected,False
BON00546,USR00242,CASHBACK20,2024-02-19 02:34:25,50,approved,False
BON00547,USR01160,CASHBACK20,2024-12-17 19:19:33,100,rejected,False
BON00548,USR00343,SUMMER100,2024-01-12 10:10:06,75,approved,False
BON00549,USR01939,FESTIVE200,2024-11-13 17:50:33,50,approved,False
BON00550,USR01526,NEWUSER75,2024-03-24 09:34:40,100,rejected,False
BON00551,USR01526,CASHBACK20,2024-01-15 18:46:35,200,approved,False
BON00552,USR00760,FESTIVE200,2024-12-29 07:50:52,100,approved,False
BON00553,USR00760,SUMMER100,2024-09-17 09:44:28,75,approved,False
BON00554,USR01798,CASHBACK20,2024-01-08 18:34:34,200,approved,False
BON00555,USR00723,FESTIVE200,2024-12-03 01:48:17,50,approved,False
BON00556,USR01789,NEWUSER75,2024-04-05 15:02:15,75,rejected,False
BON00557,USR01789,FESTIVE200,2024-07-09 10:33:30,200,approved,False
BON00558,USR00685,FESTIVE200,2024-10-11 16:47:01,75,approved,False
BON00559,USR00685,WELCOME50,2024-01-27 04:09:33,200,rejected,False
BON00560,USR01915,SUMMER100,2024-08-15 23:18:08,200,approved,False
BON00561,USR01442,FESTIVE200,2024-10-25 15:21:53,200,approved,False
BON00562,USR01442,WELCOME50,2024-06-04 05:55:46,75,rejected,False
BON00563,USR00530,CASHBACK20,2024-06-24 15:51:05,100,approved,False
BON00564,USR00530,SUMMER100,2024-10-26 10:02:47,100,approved,False
BON00565,USR01972,SUMMER100,2024-06-16 05:47:04,50,clawback,False
BON00566,USR01415,SUMMER100,2024-05-24 02:02:32,100,approved,False
BON00567,USR01263,FESTIVE200,2024-11-02 04:23:43,100,approved,False
BON00568,USR01263,SUMMER100,2024-06-24 22:22:45,50,approved,False
BON00569,USR01894,NEWUSER75,2024-05-30 15:14:49,50,approved,False
BON00570,USR00917,FESTIVE200,2024-02-12 18:40:39,100,approved,False
BON00571,USR00917,CASHBACK20,2024-06-29 16:11:19,100,approved,False
BON00572,USR00365,SUMMER100,2024-02-06 15:08:04,75,approved,False
BON00573,USR00365,SUMMER100,2024-02-25 22:58:10,50,approved,False
BON00574,USR01923,FESTIVE200,2024-05-15 15:17:50,50,approved,False
BON00575,USR00286,CASHBACK20,2024-06-06 03:34:33,50,clawback,False
BON00576,USR00989,NEWUSER75,2024-05-05 15:13:49,75,approved,False
BON00577,USR00909,FESTIVE200,2024-07-13 12:13:28,100,approved,False
BON00578,USR01206,NEWUSER75,2024-07-08 18:23:02,200,clawback,False
BON00579,USR01206,CASHBACK20,2024-05-05 05:40:14,100,approved,False
BON00580,USR01887,WELCOME50,2024-04-01 15:28:42,75,approved,False
BON00581,USR01887,SUMMER100,2024-08-30 10:51:00,50,approved,False
BON00582,USR00740,CASHBACK20,2024-07-03 23:34:41,200,approved,False
BON00583,USR00740,FESTIVE200,2024-05-10 13:39:55,200,approved,False
BON00584,USR00591,FESTIVE200,2024-02-05 09:14:34,50,approved,False
BON00585,USR00282,NEWUSER75,2024-08-31 19:42:42,200,rejected,False
BON00586,USR00072,SUMMER100,2024-06-08 16:33:40,75,rejected,False
BON00587,USR00295,FESTIVE200,2024-02-25 16:10:30,75,approved,False
BON00588,USR01767,SUMMER100,2024-09-27 16:01:28,100,rejected,False
BON00589,USR01569,CASHBACK20,2024-01-17 08:42:40,100,approved,False
BON00590,USR01569,CASHBACK20,2024-12-27 01:04:56,75,approved,False
BON00591,USR01167,CASHBACK20,2024-09-11 03:11:21,100,rejected,False
BON00592,USR00537,FESTIVE200,2024-12-12 18:46:35,75,approved,False
BON00593,USR00537,SUMMER100,2024-08-05 05:53:29,200,approved,False
BON00594,USR01253,CASHBACK20,2024-04-12 15:05:04,50,rejected,False
BON00595,USR01253,SUMMER100,2024-10-20 11:56:51,75,approved,False
BON00596,USR00719,SUMMER100,2024-06-18 04:33:44,50,clawback,False
BON00597,USR00719,FESTIVE200,2024-08-31 11:56:11,100,approved,False
BON00598,USR00731,SUMMER100,2024-01-27 07:06:36,200,approved,False
BON00599,USR00731,WELCOME50,2024-10-29 14:26:10,50,approved,False
BON00600,USR01873,CASHBACK20,2024-01-14 11:53:42,75,approved,False
BON00601,USR01873,SUMMER100,2024-01-18 04:50:56,200,approved,False
BON00602,USR01547,NEWUSER75,2024-02-28 01:23:15,100,rejected,False
BON00603,USR00332,FESTIVE200,2024-05-25 03:01:34,75,rejected,False
BON00604,USR00332,CASHBACK20,2024-03-14 08:26:36,200,rejected,False
BON00605,USR01964,WELCOME50,2024-06-09 05:52:17,75,rejected,False
BON00606,USR00324,SUMMER100,2024-09-02 16:35:19,75,approved,False
BON00607,USR00324,WELCOME50,2024-11-02 05:42:37,50,approved,False
BON00608,USR00671,SUMMER100,2024-11-03 18:38:25,200,approved,False
BON00609,USR00671,CASHBACK20,2024-09-16 19:48:52,200,rejected,False
BON00610,USR01773,CASHBACK20,2024-09-23 01:54:34,75,rejected,False
BON00611,USR00001,SUMMER100,2024-03-08 06:20:33,50,approved,False
BON00612,USR00001,SUMMER100,2024-05-14 13:37:18,200,approved,False
BON00613,USR01910,SUMMER100,2024-07-15 20:27:27,100,approved,False
BON00614,USR01184,SUMMER100,2024-07-27 21:37:22,100,rejected,False
BON00615,USR01619,SUMMER100,2024-06-21 10:13:50,200,approved,False
BON00616,USR00955,FESTIVE200,2024-09-29 13:33:25,50,approved,False
BON00617,USR00955,FESTIVE200,2024-09-10 17:56:55,200,rejected,False
BON00618,USR01711,SUMMER100,2024-02-29 08:50:44,75,approved,False
BON00619,USR00425,FESTIVE200,2024-07-28 12:04:29,200,rejected,False
BON00620,USR00425,FESTIVE200,2024-06-05 09:44:12,50,approved,False
BON00621,USR00313,WELCOME50,2024-07-08 03:01:51,100,clawback,False
BON00622,USR00625,CASHBACK20,2024-02-06 20:19:09,100,approved,False
BON00623,USR00625,NEWUSER75,2024-05-24 03:20:53,50,approved,False
BON00624,USR01506,FESTIVE200,2024-03-24 10:35:33,200,approved,False
BON00625,USR01506,WELCOME50,2024-12-22 06:32:30,75,approved,False
BON00626,USR00340,WELCOME50,2024-06-06 03:21:32,100,approved,False
BON00627,USR01674,FESTIVE200,2024-01-30 23:09:43,50,approved,False
BON00628,USR01493,FESTIVE200,2024-02-29 15:02:29,75,approved,False
BON00629,USR01493,SUMMER100,2024-03-29 23:49:42,100,approved,False
BON00630,USR01282,NEWUSER75,2024-04-11 20:22:34,50,approved,False
BON00631,USR01282,NEWUSER75,2024-02-19 22:07:02,100,approved,False
BON00632,USR01834,SUMMER100,2024-12-30 20:50:34,100,rejected,False
BON00633,USR00602,NEWUSER75,2024-02-29 06:37:33,50,approved,False
BON00634,USR01497,WELCOME50,2024-10-31 14:40:29,50,clawback,False
BON00635,USR00291,CASHBACK20,2024-11-03 06:19:23,75,approved,False
BON00636,USR00291,NEWUSER75,2024-05-17 00:16:58,75,clawback,False
BON00637,USR01567,CASHBACK20,2024-07-19 05:28:30,100,approved,False
BON00638,USR00005,NEWUSER75,2024-01-13 14:08:00,75,clawback,False
BON00639,USR00005,CASHBACK20,2024-04-19 19:12:32,200,clawback,False
BON00640,USR01305,WELCOME50,2024-09-16 15:10:48,75,rejected,False
BON00641,USR01234,NEWUSER75,2024-01-01 11:11:00,50,approved,False
BON00642,USR01234,WELCOME50,2024-04-22 13:11:08,75,approved,False
BON00643,USR01501,WELCOME50,2024-05-16 20:18:32,200,approved,False
BON00644,USR01501,CASHBACK20,2024-10-16 03:06:56,100,approved,False
BON00645,USR00862,SUMMER100,2024-11-26 14:34:36,50,approved,False
BON00646,USR00334,NEWUSER75,2024-11-08 08:26:12,50,rejected,False
BON00647,USR00667,FESTIVE200,2024-05-24 19:06:32,100,approved,False
BON00648,USR01635,FESTIVE200,2024-09-10 15:08:54,75,rejected,False
BON00649,USR01021,NEWUSER75,2024-01-21 22:14:42,75,approved,False
BON00650,USR01294,NEWUSER75,2024-08-22 16:52:46,50,approved,False
BON00651,USR01515,SUMMER100,2024-11-19 20:20:56,75,approved,False
BON00652,USR01632,WELCOME50,2024-10-20 07:22:04,50,rejected,False
BON00653,USR01694,NEWUSER75,2024-12-01 13:50:13,100,approved,False
BON00654,USR01604,CASHBACK20,2024-10-29 15:30:59,75,approved,False
BON00655,USR01604,CASHBACK20,2024-01-25 03:49:44,200,approved,False
BON00656,USR01688,SUMMER100,2024-08-20 06:00:17,100,approved,False
BON00657,USR01688,NEWUSER75,2024-11-16 16:04:45,200,clawback,False
BON00658,USR00164,SUMMER100,2024-01-31 11:59:49,75,clawback,False
BON00659,USR01622,NEWUSER75,2024-02-27 10:04:04,75,rejected,False
BON00660,USR01342,FESTIVE200,2024-05-16 16:25:37,100,approved,False
BON00661,USR01342,SUMMER100,2024-02-12 19:33:45,100,rejected,False
BON00662,USR01802,NEWUSER75,2024-11-18 22:42:58,75,approved,False
BON00663,USR01802,CASHBACK20,2024-05-13 22:33:59,50,approved,False
BON00664,USR01561,FESTIVE200,2024-11-05 20:25:03,200,approved,False
BON00665,USR01746,NEWUSER75,2024-10-14 21:16:28,100,approved,False
BON00666,USR01746,SUMMER100,2024-08-19 16:25:40,75,rejected,False
BON00667,USR01503,NEWUSER75,2024-02-06 18:19:00,75,approved,False
BON00668,USR01828,SUMMER100,2024-01-04 13:49:14,200,rejected,False
BON00669,USR01200,NEWUSER75,2024-12-27 04:40:53,75,approved,False
BON00670,USR01200,WELCOME50,2024-01-07 20:20:27,100,approved,False
BON00671,USR01140,WELCOME50,2024-04-26 23:41:49,100,approved,False
BON00672,USR01140,SUMMER100,2024-12-17 08:07:24,50,approved,False
BON00673,USR00823,SUMMER100,2024-10-01 19:20:34,75,approved,False
BON00674,USR01998,FESTIVE200,2024-12-24 01:26:59,75,approved,False
BON00675,USR00854,SUMMER100,2024-06-08 15:48:31,100,approved,False
BON00676,USR00854,CASHBACK20,2024-09-17 08:26:25,200,approved,False
BON00677,USR00900,SUMMER100,2024-02-19 12:43:41,75,rejected,False
BON00678,USR01912,FESTIVE200,2024-04-17 10:31:20,50,rejected,False
BON00679,USR01914,CASHBACK20,2024-11-27 09:37:28,200,approved,False
BON00680,USR01267,FESTIVE200,2024-07-30 09:09:26,50,approved,False
BON00681,USR00138,CASHBACK20,2024-05-26 18:45:00,200,approved,False
BON00682,USR01162,NEWUSER75,2024-11-08 04:43:19,100,rejected,False
BON00683,USR01162,CASHBACK20,2024-08-15 08:25:59,75,approved,False
BON00684,USR01543,WELCOME50,2024-01-06 03:47:19,75,approved,False
BON00685,USR01543,SUMMER100,2024-06-16 15:24:28,200,approved,False
BON00686,USR00860,SUMMER100,2024-01-31 08:09:04,75,approved,False
BON00687,USR00860,CASHBACK20,2024-04-24 01:25:03,75,clawback,False
BON00688,USR00815,CASHBACK20,2024-02-20 17:58:23,75,clawback,False
BON00689,USR00404,FESTIVE200,2024-11-28 14:52:28,50,approved,False
BON00690,USR01350,NEWUSER75,2024-11-24 22:54:39,50,approved,False
BON00691,USR01350,CASHBACK20,2024-11-12 22:48:42,100,approved,False
BON00692,USR01024,SUMMER100,2024-03-15 23:27:58,100,approved,False
BON00693,USR00460,FESTIVE200,2024-12-30 13:25:53,200,approved,False
BON00694,USR00460,SUMMER100,2024-03-08 02:41:02,200,rejected,False
BON00695,USR00274,WELCOME50,2024-03-28 06:39:23,100,approved,False
BON00696,USR00274,CASHBACK20,2024-11-10 19:05:05,50,approved,False
BON00697,USR01047,SUMMER100,2024-10-30 04:53:31,200,approved,False
BON00698,USR01776,CASHBACK20,2024-01-04 11:50:10,200,approved,False
BON00699,USR01776,WELCOME50,2024-12-06 11:13:42,75,rejected,False
BON00700,USR01033,SUMMER100,2024-12-03 15:41:11,200,approved,False
BON00701,USR01033,WELCOME50,2024-10-23 11:37:55,100,approved,False
BON00702,USR01437,FESTIVE200,2024-02-20 18:31:08,50,approved,False
BON00703,USR01941,NEWUSER75,2024-03-31 02:00:55,75,rejected,True
BON00704,USR01941,FESTIVE200,2024-11-04 05:42:16,50,approved,True
BON00705,USR01941,CASHBACK20,2024-09-26 00:00:59,75,approved,True
BON00706,USR01941,WELCOME50,2024-03-31 08:28:20,100,approved,True
BON00707,USR01941,CASHBACK20,2024-09-30 03:21:41,75,clawback,True
BON00708,USR01941,WELCOME50,2024-03-12 12:15:30,200,rejected,True
BON00709,USR01941,FESTIVE200,2024-08-16 18:58:39,75,approved,True
BON00710,USR01984,FESTIVE200,2024-02-08 23:46:00,75,approved,False
BON00711,USR00724,NEWUSER75,2024-12-06 04:48:06,50,approved,False
BON00712,USR01025,CASHBACK20,2024-04-04 13:16:24,50,rejected,False
BON00713,USR00627,SUMMER100,2024-09-04 06:17:06,50,clawback,False
BON00714,USR01846,CASHBACK20,2024-06-14 14:12:12,75,approved,False
BON00715,USR01846,CASHBACK20,2024-11-11 12:17:11,50,approved,False
BON00716,USR01355,FESTIVE200,2024-06-20 08:37:27,200,approved,False
BON00717,USR00011,SUMMER100,2024-12-21 15:52:37,50,approved,True
BON00718,USR00011,CASHBACK20,2024-01-15 06:04:47,200,rejected,True
BON00719,USR00011,CASHBACK20,2024-04-26 18:23:08,200,rejected,True
BON00720,USR00011,FESTIVE200,2024-01-03 02:01:14,50,approved,True
BON00721,USR00011,FESTIVE200,2024-10-15 11:13:52,50,approved,True
BON00722,USR00011,SUMMER100,2024-03-28 22:50:19,200,rejected,True
BON00723,USR00011,CASHBACK20,2024-09-10 05:30:44,100,approved,True
BON00724,USR00363,WELCOME50,2024-09-13 07:41:08,200,rejected,False
BON00725,USR00363,WELCOME50,2024-11-22 15:55:07,100,clawback,False
BON00726,USR00389,SUMMER100,2024-05-02 17:23:01,75,rejected,False
BON00727,USR00389,SUMMER100,2024-07-15 14:17:46,75,approved,False
BON00728,USR00523,WELCOME50,2024-02-25 21:11:10,75,rejected,False
BON00729,USR00523,FESTIVE200,2024-08-17 04:10:21,75,approved,False
BON00730,USR00262,NEWUSER75,2024-08-17 23:30:58,50,approved,False
BON00731,USR00262,SUMMER100,2024-08-09 04:51:02,100,rejected,False
BON00732,USR00635,CASHBACK20,2024-11-22 04:27:20,200,approved,False
BON00733,USR00635,SUMMER100,2024-07-06 05:47:00,75,approved,False
BON00734,USR00636,SUMMER100,2024-01-25 13:55:40,100,approved,False
BON00735,USR00281,CASHBACK20,2024-10-16 01:23:50,75,approved,False
BON00736,USR01743,NEWUSER75,2024-12-14 00:11:40,50,approved,False
BON00737,USR01743,SUMMER100,2024-02-08 09:37:49,50,rejected,False
BON00738,USR01441,NEWUSER75,2024-03-28 11:28:47,75,approved,False
BON00739,USR01441,FESTIVE200,2024-12-24 17:43:41,50,approved,False
BON00740,USR01687,SUMMER100,2024-07-25 20:15:25,50,approved,False
BON00741,USR01235,CASHBACK20,2024-09-24 16:06:58,50,approved,False
BON00742,USR01235,WELCOME50,2024-01-01 03:41:31,75,approved,False
BON00743,USR00201,SUMMER100,2024-01-16 07:38:28,200,approved,False
BON00744,USR00935,CASHBACK20,2024-11-14 22:50:57,75,approved,False
BON00745,USR00935,WELCOME50,2024-11-18 11:08:15,100,approved,False
BON00746,USR01824,NEWUSER75,2024-11-20 06:49:23,50,approved,False
BON00747,USR00593,CASHBACK20,2024-11-26 10:53:39,200,approved,False
BON00748,USR00590,CASHBACK20,2024-04-23 21:02:27,50,rejected,False
BON00749,USR00590,FESTIVE200,2024-09-02 09:08:47,100,approved,False
BON00750,USR00053,NEWUSER75,2024-05-05 05:27:15,50,approved,False
BON00751,USR01784,WELCOME50,2024-11-15 19:23:56,100,clawback,False
BON00752,USR01784,WELCOME50,2024-02-04 18:35:15,75,rejected,False
BON00753,USR00549,CASHBACK20,2024-02-09 11:31:32,50,rejected,False
BON00754,USR01486,NEWUSER75,2024-12-19 14:49:43,100,approved,False
BON00755,USR01486,NEWUSER75,2024-04-02 17:02:48,75,approved,False
BON00756,USR01022,NEWUSER75,2024-11-09 19:55:31,50,approved,False
BON00757,USR01794,CASHBACK20,2024-09-30 07:28:24,200,approved,False
BON00758,USR01794,WELCOME50,2024-10-13 18:11:52,200,approved,False
BON00759,USR01322,WELCOME50,2024-04-05 11:25:10,50,approved,False
BON00760,USR01322,CASHBACK20,2024-03-04 10:56:07,50,approved,False
BON00761,USR01778,WELCOME50,2024-02-13 13:19:28,50,clawback,False
BON00762,USR01778,FESTIVE200,2024-10-20 14:01:58,100,rejected,False
BON00763,USR00280,WELCOME50,2024-10-20 07:13:08,50,clawback,False
BON00764,USR01695,SUMMER100,2024-06-04 00:10:30,100,approved,False
BON00765,USR01695,NEWUSER75,2024-05-24 18:07:12,50,rejected,False
BON00766,USR01488,CASHBACK20,2024-05-30 19:08:52,200,approved,False
BON00767,USR01806,FESTIVE200,2024-04-06 23:14:33,75,rejected,False
BON00768,USR01179,CASHBACK20,2024-03-23 01:43:41,100,rejected,True
BON00769,USR01179,SUMMER100,2024-08-06 02:08:49,75,rejected,True
BON00770,USR01179,CASHBACK20,2024-11-24 04:23:50,100,rejected,True
BON00771,USR01179,SUMMER100,2024-09-24 16:36:13,75,approved,True
BON00772,USR01179,CASHBACK20,2024-06-11 05:19:54,75,approved,True
BON00773,USR01943,CASHBACK20,2024-10-22 09:10:53,50,approved,False
BON00774,USR01291,FESTIVE200,2024-07-13 07:47:51,75,rejected,False
BON00775,USR00031,CASHBACK20,2024-08-21 04:15:56,50,approved,False
BON00776,USR00638,WELCOME50,2024-07-01 20:04:20,50,approved,False
BON00777,USR00656,CASHBACK20,2024-10-09 13:45:50,75,approved,False
BON00778,USR00656,CASHBACK20,2024-10-12 14:51:19,50,rejected,False
BON00779,USR01748,NEWUSER75,2024-07-09 00:06:51,50,approved,False
BON00780,USR01748,CASHBACK20,2024-03-19 00:02:00,100,approved,False
BON00781,USR01457,CASHBACK20,2024-01-30 15:57:19,200,approved,False
BON00782,USR01127,CASHBACK20,2024-06-05 19:17:34,75,approved,False
BON00783,USR01127,SUMMER100,2024-07-12 22:40:39,200,rejected,False
BON00784,USR00203,NEWUSER75,2024-04-18 22:48:02,75,rejected,False
BON00785,USR00203,WELCOME50,2024-10-19 11:20:05,50,approved,False
BON00786,USR01098,WELCOME50,2024-09-01 02:00:45,50,approved,False
BON00787,USR01098,WELCOME50,2024-08-01 07:34:15,200,approved,False
BON00788,USR00195,FESTIVE200,2024-06-27 01:36:47,75,rejected,False
BON00789,USR01642,SUMMER100,2024-05-31 06:02:30,75,rejected,False
BON00790,USR01698,FESTIVE200,2024-11-19 07:47:14,50,approved,False
BON00791,USR00604,NEWUSER75,2024-03-27 20:25:56,200,rejected,False
BON00792,USR00604,NEWUSER75,2024-05-16 13:09:40,200,approved,False
BON00793,USR01344,NEWUSER75,2024-09-20 16:42:10,75,approved,False
BON00794,USR01214,CASHBACK20,2024-12-15 02:36:25,200,approved,False
BON00795,USR01214,FESTIVE200,2024-07-15 00:50:37,200,approved,False
BON00796,USR00975,FESTIVE200,2024-06-19 11:36:45,75,rejected,False
BON00797,USR00975,SUMMER100,2024-08-25 09:29:56,75,rejected,False
BON00798,USR01345,NEWUSER75,2024-07-11 20:30:11,100,clawback,False
BON00799,USR01345,SUMMER100,2024-04-23 22:01:55,50,approved,False
BON00800,USR01758,CASHBACK20,2024-02-18 02:20:11,50,approved,False
BON00801,USR01516,FESTIVE200,2024-05-31 10:57:25,50,approved,False
BON00802,USR00503,WELCOME50,2024-07-09 02:42:46,200,rejected,False
BON00803,USR01537,WELCOME50,2024-11-01 07:58:25,75,approved,False
BON00804,USR00792,CASHBACK20,2024-07-11 21:44:16,200,approved,False
BON00805,USR01340,FESTIVE200,2024-05-09 20:38:59,75,clawback,False
BON00806,USR00147,FESTIVE200,2024-01-05 05:43:21,75,approved,False
BON00807,USR00147,NEWUSER75,2024-04-21 22:34:30,50,clawback,False
BON00808,USR01769,NEWUSER75,2024-11-23 19:34:36,75,approved,False
BON00809,USR01769,CASHBACK20,2024-03-12 19:53:59,100,rejected,False
BON00810,USR00688,CASHBACK20,2024-05-16 17:31:29,200,rejected,False
BON00811,USR00688,FESTIVE200,2024-10-06 10:20:01,100,rejected,False
BON00812,USR00990,SUMMER100,2024-01-04 03:52:41,50,clawback,False
BON00813,USR00293,SUMMER100,2024-09-19 18:30:27,75,approved,False
BON00814,USR00582,SUMMER100,2024-09-03 02:40:56,100,clawback,False
BON00815,USR00582,NEWUSER75,2024-11-15 01:41:03,50,rejected,False
BON00816,USR01071,NEWUSER75,2024-02-15 19:40:49,200,approved,False
BON00817,USR01071,WELCOME50,2024-01-05 11:30:19,200,approved,False
BON00818,USR00897,WELCOME50,2024-12-29 11:38:04,100,approved,False
BON00819,USR00356,NEWUSER75,2024-01-13 15:57:56,100,approved,False
BON00820,USR00450,NEWUSER75,2024-05-06 21:11:36,200,approved,False
BON00821,USR01278,CASHBACK20,2024-03-04 21:17:14,50,approved,True
BON00822,USR01278,NEWUSER75,2024-10-10 04:42:15,100,approved,True
BON00823,USR01278,CASHBACK20,2024-05-21 13:04:46,50,approved,True
BON00824,USR01278,CASHBACK20,2024-11-08 00:18:51,75,approved,True
BON00825,USR01278,WELCOME50,2024-01-25 04:32:00,75,rejected,True
BON00826,USR01278,WELCOME50,2024-04-30 21:54:30,100,clawback,True
BON00827,USR01278,SUMMER100,2024-10-22 13:46:35,100,approved,True
BON00828,USR01278,CASHBACK20,2024-03-08 06:03:50,100,rejected,True
BON00829,USR01145,WELCOME50,2024-05-19 11:04:21,75,approved,False
BON00830,USR01145,FESTIVE200,2024-05-22 10:54:43,200,rejected,False
BON00831,USR00644,FESTIVE200,2024-05-15 03:55:53,200,rejected,False
BON00832,USR00945,FESTIVE200,2024-06-04 18:56:26,200,approved,False
BON00833,USR00945,WELCOME50,2024-12-18 02:44:46,100,approved,False
BON00834,USR01297,NEWUSER75,2024-10-29 23:23:33,75,approved,False
BON00835,USR01297,CASHBACK20,2024-05-30 15:39:07,50,approved,False
BON00836,USR01373,FESTIVE200,2024-10-14 18:35:07,100,rejected,False
BON00837,USR01373,NEWUSER75,2024-05-30 20:41:23,50,approved,False
BON00838,USR01226,FESTIVE200,2024-02-25 08:05:48,50,approved,False
BON00839,USR00574,WELCOME50,2024-10-07 08:29:31,75,rejected,False
BON00840,USR00574,SUMMER100,2024-01-02 17:15:40,100,clawback,False
BON00841,USR00346,CASHBACK20,2024-08-20 03:01:16,200,rejected,False
BON00842,USR00057,CASHBACK20,2024-10-18 19:19:54,50,rejected,False
BON00843,USR00187,NEWUSER75,2024-09-28 01:20:23,200,approved,False
BON00844,USR00834,WELCOME50,2024-01-03 01:43:49,75,clawback,False
BON00845,USR00496,NEWUSER75,2024-07-28 11:41:17,50,approved,False
BON00846,USR00240,NEWUSER75,2024-08-13 08:17:06,75,approved,False
BON00847,USR00240,WELCOME50,2024-10-15 06:01:56,75,approved,False
BON00848,USR01702,CASHBACK20,2024-12-11 21:59:08,100,approved,False
BON00849,USR01702,WELCOME50,2024-01-03 03:50:34,100,approved,False
BON00850,USR01201,NEWUSER75,2024-02-20 16:28:28,75,approved,False
BON00851,USR01180,CASHBACK20,2024-10-13 15:59:22,50,approved,False
BON00852,USR01180,FESTIVE200,2024-08-09 17:21:39,75,approved,False
BON00853,USR00204,SUMMER100,2024-02-29 13:42:47,50,approved,False
BON00854,USR00204,SUMMER100,2024-06-14 14:39:47,200,approved,False
BON00855,USR01450,CASHBACK20,2024-10-06 21:16:58,100,approved,False
BON00856,USR00079,SUMMER100,2024-11-03 02:50:39,200,rejected,False
BON00857,USR00075,CASHBACK20,2024-05-03 21:37:28,50,rejected,False
BON00858,USR00843,WELCOME50,2024-11-15 18:01:09,100,approved,False
BON00859,USR00843,SUMMER100,2024-07-30 08:18:54,75,approved,False
BON00860,USR01629,NEWUSER75,2024-10-24 23:52:53,75,approved,False
BON00861,USR00452,FESTIVE200,2024-02-17 21:22:25,75,approved,False
BON00862,USR01816,CASHBACK20,2024-02-04 11:04:37,100,approved,False
BON00863,USR01102,WELCOME50,2024-11-21 18:50:32,100,rejected,False
BON00864,USR01102,SUMMER100,2024-08-21 06:01:27,75,clawback,False
BON00865,USR00183,NEWUSER75,2024-02-12 13:31:02,50,approved,False
BON00866,USR00810,NEWUSER75,2024-10-18 03:34:57,100,rejected,False
BON00867,USR00810,WELCOME50,2024-10-02 23:29:43,75,approved,False
BON00868,USR00947,CASHBACK20,2024-11-25 04:32:31,200,rejected,False
BON00869,USR01356,FESTIVE200,2024-11-10 03:28:16,200,approved,False
BON00870,USR01356,FESTIVE200,2024-02-22 09:55:49,100,rejected,False
BON00871,USR01692,NEWUSER75,2024-03-08 03:06:33,50,approved,False
BON00872,USR01692,NEWUSER75,2024-07-27 06:19:22,200,approved,False
BON00873,USR00329,SUMMER100,2024-12-16 04:46:41,200,approved,False
BON00874,USR00329,NEWUSER75,2024-09-09 20:50:22,75,approved,False
BON00875,USR01120,SUMMER100,2024-08-31 20:26:49,100,approved,False
BON00876,USR01120,CASHBACK20,2024-11-15 06:29:23,100,approved,False
BON00877,USR01270,WELCOME50,2024-10-21 23:22:18,200,approved,False
BON00878,USR01270,WELCOME50,2024-07-05 22:52:17,100,rejected,False
BON00879,USR01946,FESTIVE200,2024-12-20 16:20:15,75,approved,False
BON00880,USR00980,NEWUSER75,2024-02-16 07:18:10,75,rejected,False
BON00881,USR00967,WELCOME50,2024-01-25 07:37:13,75,rejected,False
BON00882,USR01610,NEWUSER75,2024-05-09 13:42:54,200,approved,False
BON00883,USR01266,SUMMER100,2024-03-21 15:53:25,100,approved,False
BON00884,USR01412,NEWUSER75,2024-07-11 22:40:39,200,approved,False
BON00885,USR01726,NEWUSER75,2024-08-22 11:28:20,200,approved,False
BON00886,USR01726,FESTIVE200,2024-03-27 13:47:19,50,approved,False
BON00887,USR00726,SUMMER100,2024-03-25 09:54:51,200,approved,False
BON00888,USR00726,SUMMER100,2024-02-06 23:36:49,100,rejected,False
BON00889,USR01507,WELCOME50,2024-03-30 12:06:17,50,approved,False
BON00890,USR01507,FESTIVE200,2024-05-25 19:42:01,200,approved,False
BON00891,USR00032,CASHBACK20,2024-06-10 13:59:15,100,approved,False
BON00892,USR00125,NEWUSER75,2024-08-27 18:25:26,75,rejected,False
BON00893,USR01904,SUMMER100,2024-10-27 06:45:38,75,approved,False
BON00894,USR00600,CASHBACK20,2024-10-31 00:18:35,100,approved,False
BON00895,USR00918,CASHBACK20,2024-01-10 16:04:41,75,approved,False
BON00896,USR00918,SUMMER100,2024-09-23 02:56:52,100,approved,False
BON00897,USR00200,FESTIVE200,2024-03-03 03:26:55,200,approved,False
BON00898,USR00200,FESTIVE200,2024-03-01 05:30:14,50,approved,False
BON00899,USR00793,FESTIVE200,2024-02-28 14:30:16,200,approved,False
BON00900,USR00793,CASHBACK20,2024-05-21 18:07:18,100,approved,False
BON00901,USR00552,CASHBACK20,2024-07-05 09:08:59,200,approved,False
BON00902,USR00906,NEWUSER75,2024-12-11 05:45:18,50,approved,False
BON00903,USR01328,FESTIVE200,2024-03-01 19:56:56,50,approved,False
BON00904,USR01328,SUMMER100,2024-12-14 04:39:30,75,approved,False
BON00905,USR00028,NEWUSER75,2024-02-05 10:15:36,100,approved,False
BON00906,USR00028,SUMMER100,2024-06-09 18:05:35,75,approved,False
BON00907,USR00393,FESTIVE200,2024-07-29 00:10:28,100,approved,False
BON00908,USR00393,SUMMER100,2024-11-18 08:41:41,75,approved,False
BON00909,USR00583,WELCOME50,2024-04-27 16:05:53,50,approved,False
BON00910,USR00583,NEWUSER75,2024-01-14 18:06:47,50,approved,False
BON00911,USR00132,FESTIVE200,2024-08-15 02:06:10,100,approved,False
BON00912,USR01705,CASHBACK20,2024-07-20 12:00:39,200,rejected,False
BON00913,USR01853,NEWUSER75,2024-06-17 06:18:32,200,approved,False
BON00914,USR00632,FESTIVE200,2024-04-04 23:56:07,200,approved,False
BON00915,USR00632,FESTIVE200,2024-09-21 17:34:16,75,approved,False
BON00916,USR00938,FESTIVE200,2024-06-06 20:17:20,50,approved,False
BON00917,USR01175,FESTIVE200,2024-04-08 08:30:53,75,approved,True
BON00918,USR01175,SUMMER100,2024-06-23 21:12:25,75,approved,True
BON00919,USR01175,WELCOME50,2024-05-30 10:43:46,75,approved,True
BON00920,USR01156,SUMMER100,2024-01-09 08:30:02,200,approved,False
BON00921,USR01156,CASHBACK20,2024-11-12 12:30:57,75,clawback,False
BON00922,USR01392,WELCOME50,2024-08-12 11:03:28,50,clawback,False
BON00923,USR01416,CASHBACK20,2024-12-28 19:43:28,75,clawback,False
BON00924,USR00445,FESTIVE200,2024-05-27 23:19:30,200,approved,False
BON00925,USR00445,SUMMER100,2024-09-19 22:31:18,200,approved,False
BON00926,USR01377,CASHBACK20,2024-11-28 17:17:47,200,approved,False
BON00927,USR01377,CASHBACK20,2024-04-09 11:12:51,75,approved,False
BON00928,USR01239,SUMMER100,2024-06-15 03:43:06,75,rejected,False
BON00929,USR01239,NEWUSER75,2024-08-07 16:58:52,50,rejected,False
BON00930,USR00730,CASHBACK20,2024-04-27 13:05:57,200,approved,False
BON00931,USR00730,SUMMER100,2024-03-01 16:31:07,200,approved,False
BON00932,USR00850,SUMMER100,2024-09-03 00:36:45,50,approved,True
BON00933,USR00850,SUMMER100,2024-01-03 03:16:09,75,rejected,True
BON00934,USR00850,WELCOME50,2024-12-11 17:01:25,50,rejected,True
BON00935,USR00249,FESTIVE200,2024-09-28 23:20:27,100,approved,False
BON00936,USR00249,SUMMER100,2024-02-25 02:52:12,100,clawback,False
BON00937,USR02000,SUMMER100,2024-09-09 05:58:21,75,approved,False
BON00938,USR00816,NEWUSER75,2024-02-10 09:27:17,50,approved,False
BON00939,USR01911,SUMMER100,2024-03-25 10:11:57,50,approved,False
BON00940,USR01000,FESTIVE200,2024-09-30 17:35:14,50,approved,False
BON00941,USR01000,FESTIVE200,2024-12-23 02:59:14,75,approved,False
BON00942,USR00675,CASHBACK20,2024-03-21 21:31:47,75,rejected,False
BON00943,USR01590,SUMMER100,2024-03-08 21:48:30,200,approved,False
BON00944,USR01638,FESTIVE200,2024-12-30 03:36:14,75,approved,False
BON00945,USR01638,FESTIVE200,2024-03-22 14:05:35,75,approved,False
BON00946,USR01580,FESTIVE200,2024-05-05 12:05:44,75,approved,False
BON00947,USR01968,NEWUSER75,2024-02-13 04:04:53,75,rejected,True
BON00948,USR01968,NEWUSER75,2024-01-03 17:40:15,200,approved,True
BON00949,USR01968,WELCOME50,2024-12-10 10:52:39,50,approved,True
BON00950,USR01968,WELCOME50,2024-08-10 05:41:56,100,approved,True
BON00951,USR01968,NEWUSER75,2024-04-16 00:50:41,200,approved,True
BON00952,USR01968,CASHBACK20,2024-07-12 06:47:49,75,approved,True
BON00953,USR01968,WELCOME50,2024-08-02 12:51:29,75,clawback,True
BON00954,USR00679,NEWUSER75,2024-06-14 06:27:24,75,rejected,False
BON00955,USR00679,CASHBACK20,2024-01-22 15:38:36,75,rejected,False
BON00956,USR01606,NEWUSER75,2024-09-05 11:44:29,50,rejected,True
BON00957,USR01606,WELCOME50,2024-09-16 07:41:26,200,approved,True
BON00958,USR01606,CASHBACK20,2024-11-18 10:02:59,100,approved,True
BON00959,USR01606,NEWUSER75,2024-04-10 21:28:42,200,approved,True
BON00960,USR01606,FESTIVE200,2024-04-21 04:00:03,50,approved,True
BON00961,USR01606,FESTIVE200,2024-02-10 20:45:49,50,rejected,True
BON00962,USR01606,FESTIVE200,2024-01-20 21:59:24,200,approved,True
BON00963,USR01606,WELCOME50,2024-03-02 00:07:35,50,approved,True
BON00964,USR00417,SUMMER100,2024-03-20 20:09:36,200,approved,False
BON00965,USR00454,NEWUSER75,2024-01-02 08:40:44,200,approved,False
BON00966,USR00454,FESTIVE200,2024-02-14 12:08:48,100,approved,False
BON00967,USR01173,NEWUSER75,2024-12-10 15:37:25,50,approved,False
BON00968,USR00038,WELCOME50,2024-09-16 11:40:03,75,approved,False
BON00969,USR01255,WELCOME50,2024-11-26 21:38:12,50,rejected,False
BON00970,USR01255,NEWUSER75,2024-09-05 07:46:30,75,approved,False
BON00971,USR00198,WELCOME50,2024-10-24 11:48:52,75,approved,True
BON00972,USR00198,FESTIVE200,2024-11-04 19:57:48,100,approved,True
BON00973,USR00198,CASHBACK20,2024-09-24 17:46:07,75,rejected,True
BON00974,USR00198,CASHBACK20,2024-06-29 13:45:34,50,approved,True
BON00975,USR00198,FESTIVE200,2024-11-27 13:31:46,100,approved,True
BON00976,USR00198,WELCOME50,2024-02-01 15:53:03,50,approved,True
BON00977,USR01681,WELCOME50,2024-07-15 16:14:38,75,rejected,False
BON00978,USR01681,NEWUSER75,2024-08-19 01:57:00,50,rejected,False
BON00979,USR00453,CASHBACK20,2024-09-22 15:57:30,100,approved,True
BON00980,USR00453,FESTIVE200,2024-04-14 03:14:22,100,rejected,True
BON00981,USR00453,CASHBACK20,2024-10-07 02:42:06,200,approved,True
BON00982,USR00453,CASHBACK20,2024-09-24 23:39:55,50,rejected,True
BON00983,USR00453,FESTIVE200,2024-07-02 08:42:29,75,clawback,True
BON00984,USR00453,CASHBACK20,2024-04-23 14:55:45,75,rejected,True
BON00985,USR01735,SUMMER100,2024-04-04 04:00:19,75,approved,False
BON00986,USR01735,SUMMER100,2024-01-10 02:14:53,75,approved,False
BON00987,USR01474,NEWUSER75,2024-07-19 23:09:54,100,approved,False
BON00988,USR01474,FESTIVE200,2024-08-27 00:07:46,100,approved,False
BON00989,USR01508,FESTIVE200,2024-09-25 10:44:53,100,approved,False
BON00990,USR00952,SUMMER100,2024-11-18 15:19:51,100,approved,False
BON00991,USR00952,SUMMER100,2024-01-23 12:00:41,75,clawback,False
BON00992,USR00689,NEWUSER75,2024-02-21 15:01:36,100,approved,False
BON00993,USR00411,CASHBACK20,2024-07-16 23:49:06,50,approved,False
BON00994,USR00677,SUMMER100,2024-07-21 20:29:02,100,approved,False
BON00995,USR01855,FESTIVE200,2024-03-09 20:22:10,75,approved,False
BON00996,USR00019,FESTIVE200,2024-10-29 00:41:57,75,approved,False
BON00997,USR00019,CASHBACK20,2024-12-12 20:12:06,200,approved,False
BON00998,USR00339,WELCOME50,2024-04-29 09:37:19,100,clawback,False
BON00999,USR00339,NEWUSER75,2024-10-30 14:13:17,200,approved,False
BON01000,USR00327,NEWUSER75,2024-08-01 00:50:04,50,rejected,False
BON01001,USR00842,WELCOME50,2024-04-01 10:53:48,200,approved,True
BON01002,USR00842,WELCOME50,2024-02-14 19:13:13,100,rejected,True
BON01003,USR00842,WELCOME50,2024-11-01 09:35:07,200,rejected,True
BON01004,USR00842,SUMMER100,2024-02-05 10:14:23,200,rejected,True
BON01005,USR00842,WELCOME50,2024-06-22 09:41:08,100,rejected,True
BON01006,USR00842,WELCOME50,2024-11-01 13:10:00,200,approved,True
BON01007,USR01495,WELCOME50,2024-07-03 21:59:44,75,approved,False
BON01008,USR01889,SUMMER100,2024-05-14 21:43:59,75,approved,False
BON01009,USR00378,WELCOME50,2024-11-02 06:32:17,200,approved,False
BON01010,USR01831,NEWUSER75,2024-05-05 03:45:45,200,approved,False
BON01011,USR00533,NEWUSER75,2024-04-14 16:17:32,75,approved,False
BON01012,USR00533,WELCOME50,2024-12-23 02:50:09,50,approved,False
BON01013,USR01554,NEWUSER75,2024-06-02 07:21:42,50,approved,False
BON01014,USR00615,NEWUSER75,2024-05-31 22:35:34,200,approved,False
BON01015,USR00615,WELCOME50,2024-02-05 00:41:09,200,rejected,False
BON01016,USR00919,CASHBACK20,2024-11-20 05:32:59,50,approved,True
BON01017,USR00919,FESTIVE200,2024-04-28 02:56:56,75,approved,True
BON01018,USR00919,CASHBACK20,2024-12-05 18:58:42,200,approved,True
BON01019,USR00919,CASHBACK20,2024-11-08 15:29:39,50,approved,True
BON01020,USR00919,WELCOME50,2024-06-18 11:56:37,75,rejected,True
BON01021,USR00919,NEWUSER75,2024-02-29 18:54:56,75,approved,True
BON01022,USR00919,WELCOME50,2024-09-23 00:49:25,75,rejected,True
BON01023,USR00919,SUMMER100,2024-02-14 12:18:45,50,clawback,True
BON01024,USR00033,WELCOME50,2024-02-10 06:23:19,50,approved,False
BON01025,USR01487,CASHBACK20,2024-08-30 01:44:35,50,approved,False
BON01026,USR01779,WELCOME50,2024-02-29 22:13:10,75,rejected,False
BON01027,USR01779,NEWUSER75,2024-05-01 16:03:24,100,clawback,False
BON01028,USR01581,NEWUSER75,2024-06-19 11:08:23,100,rejected,False
BON01029,USR00513,WELCOME50,2024-02-12 11:21:03,50,approved,False
BON01030,USR00513,NEWUSER75,2024-07-22 09:15:07,50,approved,False
BON01031,USR00973,WELCOME50,2024-08-21 20:22:44,200,clawback,False
BON01032,USR00230,CASHBACK20,2024-10-29 19:52:42,75,approved,False
BON01033,USR00230,SUMMER100,2024-09-11 10:50:00,50,approved,False
BON01034,USR00891,WELCOME50,2024-07-21 17:12:06,75,approved,False
BON01035,USR01251,CASHBACK20,2024-04-21 10:17:07,200,approved,False
BON01036,USR01251,NEWUSER75,2024-05-19 05:00:32,200,clawback,False
BON01037,USR01761,NEWUSER75,2024-03-11 09:56:27,50,clawback,False
BON01038,USR00885,WELCOME50,2024-11-18 00:56:08,100,approved,False
BON01039,USR01330,CASHBACK20,2024-02-25 22:13:40,75,approved,False
BON01040,USR01129,CASHBACK20,2024-01-19 01:44:28,75,approved,False
BON01041,USR00859,FESTIVE200,2024-10-09 08:50:19,75,approved,False
BON01042,USR00112,FESTIVE200,2024-12-11 14:09:15,200,rejected,False
BON01043,USR00197,CASHBACK20,2024-03-26 20:44:40,100,approved,False
BON01044,USR00197,FESTIVE200,2024-05-20 07:04:08,200,approved,False
BON01045,USR01014,SUMMER100,2024-10-01 12:17:30,50,approved,False
BON01046,USR01014,SUMMER100,2024-05-28 12:55:49,50,approved,False
BON01047,USR01489,SUMMER100,2024-07-25 07:12:13,75,approved,False
BON01048,USR01489,SUMMER100,2024-08-24 01:18:06,75,approved,False
BON01049,USR01460,FESTIVE200,2024-07-22 12:18:48,50,approved,False
BON01050,USR01381,NEWUSER75,2024-01-28 22:46:16,200,rejected,True
BON01051,USR01381,NEWUSER75,2024-07-18 08:35:58,75,approved,True
BON01052,USR01381,SUMMER100,2024-11-11 01:25:29,100,approved,True
BON01053,USR01381,CASHBACK20,2024-08-13 23:25:40,200,approved,True
BON01054,USR01381,FESTIVE200,2024-06-06 20:09:00,75,clawback,True
BON01055,USR00004,NEWUSER75,2024-06-06 22:28:21,200,approved,False
BON01056,USR00004,WELCOME50,2024-03-28 03:53:11,75,approved,False
BON01057,USR00997,CASHBACK20,2024-04-21 08:10:59,100,approved,False
BON01058,USR00997,SUMMER100,2024-07-10 07:07:31,50,rejected,False
BON01059,USR01018,SUMMER100,2024-01-04 18:21:59,75,clawback,False
BON01060,USR01870,CASHBACK20,2024-11-09 18:06:44,100,approved,False
BON01061,USR00265,WELCOME50,2024-05-09 00:13:16,50,approved,False
BON01062,USR00254,WELCOME50,2024-01-27 03:14:27,200,approved,False
BON01063,USR00254,SUMMER100,2024-04-26 22:01:39,100,approved,False
BON01064,USR01930,SUMMER100,2024-01-29 11:28:16,200,approved,False
BON01065,USR00886,FESTIVE200,2024-06-05 20:07:22,50,approved,False
BON01066,USR00911,WELCOME50,2024-03-10 10:29:53,100,approved,False
BON01067,USR00501,CASHBACK20,2024-09-07 05:29:59,200,rejected,True
BON01068,USR00501,SUMMER100,2024-03-21 08:51:09,75,approved,True
BON01069,USR00501,CASHBACK20,2024-12-23 17:12:53,100,approved,True
BON01070,USR00501,SUMMER100,2024-06-28 18:10:40,75,approved,True
BON01071,USR00501,SUMMER100,2024-10-13 00:00:35,50,rejected,True
BON01072,USR00501,CASHBACK20,2024-08-31 23:31:49,100,approved,True
BON01073,USR01269,CASHBACK20,2024-06-01 05:28:56,75,rejected,False
BON01074,USR01269,SUMMER100,2024-01-23 02:07:40,100,approved,False
BON01075,USR01519,SUMMER100,2024-03-27 09:54:22,75,approved,False
BON01076,USR01519,CASHBACK20,2024-10-28 12:57:41,75,approved,False
BON01077,USR00761,CASHBACK20,2024-10-24 08:37:16,100,approved,True
BON01078,USR00761,SUMMER100,2024-07-01 09:51:05,100,approved,True
BON01079,USR00761,FESTIVE200,2024-08-30 03:58:40,75,approved,True
BON01080,USR00761,NEWUSER75,2024-07-21 09:22:55,200,approved,True
BON01081,USR00761,SUMMER100,2024-04-25 15:05:27,100,rejected,True
BON01082,USR00761,CASHBACK20,2024-12-11 08:38:02,200,approved,True
BON01083,USR01534,WELCOME50,2024-07-24 00:10:27,200,approved,False
BON01084,USR01534,CASHBACK20,2024-06-15 11:07:25,50,approved,False
BON01085,USR00884,WELCOME50,2024-01-11 04:25:57,200,clawback,False
BON01086,USR00030,CASHBACK20,2024-07-13 20:46:57,50,approved,False
BON01087,USR00030,WELCOME50,2024-09-03 15:41:46,75,rejected,False
BON01088,USR01101,WELCOME50,2024-01-07 00:15:44,75,approved,False
BON01089,USR01101,FESTIVE200,2024-05-15 18:03:56,75,approved,False
BON01090,USR01670,CASHBACK20,2024-01-13 14:49:06,100,approved,False
BON01091,USR00419,CASHBACK20,2024-07-06 03:20:20,100,approved,False
BON01092,USR00054,FESTIVE200,2024-07-12 07:22:11,50,approved,False
BON01093,USR00105,FESTIVE200,2024-11-24 07:28:17,200,approved,False
BON01094,USR01740,FESTIVE200,2024-01-23 06:48:43,200,approved,False
BON01095,USR00617,WELCOME50,2024-07-22 23:31:12,200,approved,True
BON01096,USR00617,NEWUSER75,2024-05-11 08:05:03,100,approved,True
BON01097,USR00617,NEWUSER75,2024-11-30 23:52:07,100,approved,True
BON01098,USR00617,FESTIVE200,2024-07-16 02:16:40,50,approved,True
BON01099,USR00617,FESTIVE200,2024-02-06 18:26:09,50,approved,True
BON01100,USR00617,SUMMER100,2024-05-19 05:41:58,75,approved,True
BON01101,USR00617,WELCOME50,2024-06-26 10:54:01,100,approved,True
BON01102,USR00789,SUMMER100,2024-08-22 22:21:51,100,rejected,False
BON01103,USR00789,WELCOME50,2024-04-11 08:26:19,75,clawback,False
BON01104,USR00258,FESTIVE200,2024-07-02 05:02:51,75,approved,False
BON01105,USR01238,CASHBACK20,2024-03-02 13:43:04,100,rejected,False
BON01106,USR01238,NEWUSER75,2024-05-05 11:36:22,200,approved,False
BON01107,USR00352,NEWUSER75,2024-09-12 01:23:21,50,approved,False
BON01108,USR00352,FESTIVE200,2024-06-26 09:41:33,50,approved,False
BON01109,USR00778,CASHBACK20,2024-09-26 22:56:11,200,rejected,False
BON01110,USR00778,WELCOME50,2024-11-26 09:42:22,200,approved,False
BON01111,USR00538,FESTIVE200,2024-02-19 11:36:31,50,clawback,False
BON01112,USR01394,WELCOME50,2024-03-11 15:41:06,100,approved,False
BON01113,USR01394,CASHBACK20,2024-06-19 23:19:15,75,rejected,False
BON01114,USR00813,CASHBACK20,2024-11-15 22:07:13,50,approved,False
BON01115,USR00222,SUMMER100,2024-03-08 10:03:41,75,clawback,False
BON01116,USR01620,WELCOME50,2024-10-17 08:43:29,75,approved,False
BON01117,USR01620,WELCOME50,2024-11-11 18:11:45,50,rejected,False
BON01118,USR01358,WELCOME50,2024-08-04 08:40:04,200,approved,False
BON01119,USR01359,FESTIVE200,2024-07-21 09:37:55,200,approved,False
BON01120,USR01359,NEWUSER75,2024-02-14 23:24:28,75,approved,False
BON01121,USR00306,WELCOME50,2024-01-25 16:43:44,200,approved,False
BON01122,USR00239,FESTIVE200,2024-08-29 11:10:07,50,approved,False
BON01123,USR00239,SUMMER100,2024-05-10 04:09:56,200,approved,False
BON01124,USR01979,NEWUSER75,2024-10-05 15:47:35,50,approved,False
BON01125,USR01979,NEWUSER75,2024-05-30 10:41:01,200,rejected,False
BON01126,USR00830,WELCOME50,2024-02-16 02:48:35,200,approved,False
BON01127,USR00830,SUMMER100,2024-02-15 11:14:24,100,clawback,False
BON01128,USR00845,SUMMER100,2024-01-22 06:46:48,200,approved,False
BON01129,USR00845,CASHBACK20,2024-10-16 07:35:56,100,approved,False
BON01130,USR00722,NEWUSER75,2024-10-02 05:26:16,75,approved,False
BON01131,USR00722,FESTIVE200,2024-04-17 07:17:30,200,approved,False
BON01132,USR01892,FESTIVE200,2024-08-23 07:22:42,50,approved,False
BON01133,USR01892,SUMMER100,2024-08-22 16:13:32,75,approved,False
BON01134,USR01759,NEWUSER75,2024-01-01 20:30:12,50,approved,False
BON01135,USR01124,FESTIVE200,2024-08-10 19:31:34,200,clawback,False
BON01136,USR00298,CASHBACK20,2024-01-07 10:10:56,50,approved,False
BON01137,USR00298,FESTIVE200,2024-06-30 22:16:24,50,approved,False
BON01138,USR00285,NEWUSER75,2024-06-01 13:45:16,200,rejected,False
BON01139,USR00285,CASHBACK20,2024-08-03 14:26:04,100,approved,False
BON01140,USR01863,FESTIVE200,2024-07-08 17:04:16,75,approved,False
BON01141,USR01863,WELCOME50,2024-02-11 21:36:44,200,approved,False
BON01142,USR01841,CASHBACK20,2024-09-13 02:11:52,200,approved,False
BON01143,USR01841,SUMMER100,2024-09-29 11:02:30,100,approved,False
BON01144,USR00870,WELCOME50,2024-11-30 09:10:07,50,rejected,False
BON01145,USR00145,FESTIVE200,2024-10-26 22:05:18,75,approved,False
BON01146,USR00729,WELCOME50,2024-06-19 06:42:04,75,approved,False
BON01147,USR00932,FESTIVE200,2024-12-01 11:43:47,100,approved,False
BON01148,USR00932,CASHBACK20,2024-08-10 21:02:55,50,clawback,False
BON01149,USR00866,NEWUSER75,2024-03-21 06:48:14,50,approved,False
BON01150,USR00866,SUMMER100,2024-03-25 22:24:49,100,approved,False
BON01151,USR01205,NEWUSER75,2024-09-23 18:07:04,100,approved,False
BON01152,USR01962,SUMMER100,2024-04-18 11:42:57,100,approved,False
BON01153,USR01962,WELCOME50,2024-03-12 13:21:58,200,approved,False
BON01154,USR00055,WELCOME50,2024-10-13 09:37:12,50,approved,False
BON01155,USR00055,WELCOME50,2024-11-16 19:46:08,75,rejected,False
BON01156,USR01452,FESTIVE200,2024-04-11 02:35:10,50,approved,False
BON01157,USR01452,FESTIVE200,2024-09-13 22:16:32,50,clawback,False
BON01158,USR01980,WELCOME50,2024-11-12 17:25:13,100,approved,False
BON01159,USR01281,WELCOME50,2024-04-21 05:47:58,100,approved,False
BON01160,USR01281,WELCOME50,2024-07-29 10:00:10,100,rejected,False
BON01161,USR01636,CASHBACK20,2024-02-11 14:38:12,200,approved,False
BON01162,USR01636,NEWUSER75,2024-12-15 04:27:05,100,approved,False
BON01163,USR01792,WELCOME50,2024-07-31 02:10:35,200,rejected,False
BON01164,USR01792,FESTIVE200,2024-05-09 10:56:53,200,rejected,False
BON01165,USR01621,FESTIVE200,2024-11-09 06:01:12,50,approved,False
BON01166,USR01680,CASHBACK20,2024-08-18 02:47:40,50,clawback,False
BON01167,USR01680,FESTIVE200,2024-05-26 02:24:34,50,approved,False
BON01168,USR00536,WELCOME50,2024-08-09 04:53:55,75,clawback,False
BON01169,USR00536,FESTIVE200,2024-10-08 03:38:20,75,rejected,False
BON01170,USR00216,SUMMER100,2024-12-16 21:51:36,75,approved,False
BON01171,USR00216,NEWUSER75,2024-07-13 21:25:54,75,rejected,False
BON01172,USR01399,CASHBACK20,2024-04-29 11:14:21,100,approved,False
BON01173,USR01289,FESTIVE200,2024-05-03 03:18:48,100,approved,False
BON01174,USR01289,NEWUSER75,2024-10-06 15:12:19,200,approved,False
BON01175,USR00059,NEWUSER75,2024-11-19 22:43:44,100,approved,False
BON01176,USR00059,FESTIVE200,2024-08-23 21:20:31,200,approved,False
BON01177,USR01309,FESTIVE200,2024-07-27 12:53:46,200,approved,False
BON01178,USR01617,CASHBACK20,2024-04-13 02:23:43,75,approved,False
BON01179,USR01449,FESTIVE200,2024-10-24 12:25:58,200,approved,False
BON01180,USR01449,CASHBACK20,2024-02-06 05:49:38,50,approved,False
BON01181,USR01147,CASHBACK20,2024-04-16 18:10:46,75,approved,False
BON01182,USR01147,SUMMER100,2024-08-31 12:14:29,50,approved,False
BON01183,USR01815,CASHBACK20,2024-08-09 10:45:52,200,clawback,False
BON01184,USR01815,SUMMER100,2024-10-15 12:50:53,100,approved,False
BON01185,USR00408,WELCOME50,2024-07-02 01:26:13,50,approved,True
BON01186,USR00408,NEWUSER75,2024-09-20 02:59:50,200,approved,True
BON01187,USR00408,CASHBACK20,2024-05-09 14:46:32,200,rejected,True
BON01188,USR00408,NEWUSER75,2024-10-04 05:31:51,50,approved,True
BON01189,USR00408,FESTIVE200,2024-04-16 20:59:01,50,approved,True
BON01190,USR00408,WELCOME50,2024-09-06 03:44:08,100,approved,True
BON01191,USR00408,CASHBACK20,2024-04-09 16:48:43,75,approved,True
BON01192,USR00296,NEWUSER75,2024-04-06 08:11:45,50,rejected,False
BON01193,USR00296,WELCOME50,2024-08-28 08:15:58,50,clawback,False
BON01194,USR00504,FESTIVE200,2024-09-25 21:44:27,100,approved,False
BON01195,USR00504,FESTIVE200,2024-09-29 04:47:35,200,approved,False
BON01196,USR00984,FESTIVE200,2024-08-17 00:31:21,200,rejected,False
BON01197,USR01994,WELCOME50,2024-05-12 21:39:22,50,approved,False
BON01198,USR01994,NEWUSER75,2024-07-25 12:10:32,50,approved,False
BON01199,USR00383,CASHBACK20,2024-08-13 21:31:52,200,approved,False
BON01200,USR01615,NEWUSER75,2024-07-03 23:00:21,100,approved,False
BON01201,USR01615,CASHBACK20,2024-05-29 07:57:59,200,clawback,False
BON01202,USR01973,NEWUSER75,2024-12-29 19:35:22,75,approved,False
BON01203,USR01659,CASHBACK20,2024-07-15 03:15:11,50,clawback,False
BON01204,USR01243,CASHBACK20,2024-02-15 18:36:03,200,approved,False
BON01205,USR01765,SUMMER100,2024-04-18 07:18:18,100,approved,False
BON01206,USR01765,FESTIVE200,2024-10-25 12:11:04,100,rejected,False
BON01207,USR00402,NEWUSER75,2024-09-14 05:07:53,50,approved,False
BON01208,USR00217,SUMMER100,2024-09-06 01:24:09,50,approved,False
BON01209,USR01271,CASHBACK20,2024-12-27 10:09:26,200,approved,False
BON01210,USR01271,FESTIVE200,2024-05-08 11:55:40,50,approved,False
BON01211,USR00360,CASHBACK20,2024-07-26 14:20:59,50,approved,False
BON01212,USR00207,WELCOME50,2024-09-22 20:15:23,75,approved,False
BON01213,USR01473,SUMMER100,2024-11-29 13:30:14,100,rejected,False
BON01214,USR01473,WELCOME50,2024-01-14 03:41:28,100,clawback,False
BON01215,USR01574,CASHBACK20,2024-12-13 17:04:18,75,approved,False
BON01216,USR01151,NEWUSER75,2024-11-14 16:12:39,200,approved,False
BON01217,USR00634,SUMMER100,2024-04-17 04:25:23,100,rejected,False
BON01218,USR01926,CASHBACK20,2024-12-22 13:23:57,50,approved,False
BON01219,USR01926,WELCOME50,2024-08-15 01:05:53,50,rejected,False
BON01220,USR00880,NEWUSER75,2024-07-03 22:05:47,100,approved,False
BON01221,USR00695,SUMMER100,2024-05-09 04:27:10,100,rejected,False
BON01222,USR01027,WELCOME50,2024-01-04 16:58:12,50,rejected,False
BON01223,USR00154,NEWUSER75,2024-03-28 07:57:22,200,rejected,False
BON01224,USR00925,CASHBACK20,2024-02-07 11:22:45,200,approved,False
BON01225,USR01801,SUMMER100,2024-11-09 19:31:41,50,rejected,False
BON01226,USR01215,SUMMER100,2024-01-31 09:14:19,100,approved,False
BON01227,USR01215,WELCOME50,2024-05-21 07:49:32,100,approved,False
BON01228,USR00982,NEWUSER75,2024-02-25 15:39:43,100,approved,False
BON01229,USR00982,FESTIVE200,2024-08-26 10:56:35,50,rejected,False
BON01230,USR00927,NEWUSER75,2024-02-26 13:12:17,75,approved,False
BON01231,USR00927,WELCOME50,2024-04-24 06:29:10,200,clawback,False
BON01232,USR01957,SUMMER100,2024-08-25 15:06:18,200,approved,False
BON01233,USR01957,NEWUSER75,2024-01-04 08:20:45,50,approved,False
BON01234,USR01965,CASHBACK20,2024-06-02 06:15:11,75,rejected,False
BON01235,USR01965,WELCOME50,2024-11-04 05:04:13,75,approved,False
BON01236,USR00087,WELCOME50,2024-03-05 07:51:01,50,rejected,False
BON01237,USR00087,CASHBACK20,2024-03-13 08:17:06,50,approved,False
BON01238,USR01976,CASHBACK20,2024-04-27 12:42:23,50,approved,False
BON01239,USR01976,WELCOME50,2024-03-18 03:22:45,50,approved,False
BON01240,USR00440,NEWUSER75,2024-02-10 20:33:54,75,rejected,True
BON01241,USR00440,NEWUSER75,2024-03-08 12:06:37,100,rejected,True
BON01242,USR00440,CASHBACK20,2024-02-04 14:24:59,50,rejected,True
BON01243,USR00093,CASHBACK20,2024-08-24 19:27:27,100,rejected,False
BON01244,USR01386,NEWUSER75,2024-02-07 17:46:23,75,approved,True
BON01245,USR01386,NEWUSER75,2024-03-09 10:54:25,50,clawback,True
BON01246,USR01386,WELCOME50,2024-07-16 01:26:05,200,approved,True
BON01247,USR00475,NEWUSER75,2024-01-02 04:02:12,75,clawback,False
BON01248,USR00475,SUMMER100,2024-04-28 11:11:38,100,approved,False
BON01249,USR00051,WELCOME50,2024-11-12 05:56:49,100,approved,False
BON01250,USR01343,SUMMER100,2024-06-21 00:01:30,200,approved,False
BON01251,USR00546,CASHBACK20,2024-12-17 08:00:15,50,rejected,False
BON01252,USR00546,CASHBACK20,2024-05-26 15:37:39,100,approved,False
BON01253,USR00213,SUMMER100,2024-05-01 13:57:13,75,approved,False
BON01254,USR00213,WELCOME50,2024-05-21 08:17:22,200,clawback,False
BON01255,USR00219,NEWUSER75,2024-01-23 13:00:27,100,approved,False
BON01256,USR01165,FESTIVE200,2024-11-19 21:37:26,100,approved,False
BON01257,USR01630,NEWUSER75,2024-02-05 18:23:39,100,approved,False
BON01258,USR01630,CASHBACK20,2024-04-16 03:53:31,200,approved,False
BON01259,USR00895,FESTIVE200,2024-03-27 22:07:51,100,approved,True
BON01260,USR00895,SUMMER100,2024-01-04 14:06:41,100,approved,True
BON01261,USR00895,NEWUSER75,2024-04-11 04:00:15,50,approved,True
BON01262,USR00895,CASHBACK20,2024-08-27 11:48:02,75,approved,True
BON01263,USR00895,SUMMER100,2024-05-29 20:21:59,50,clawback,True
BON01264,USR00895,WELCOME50,2024-11-01 14:48:55,50,approved,True
BON01265,USR00697,FESTIVE200,2024-08-23 00:29:13,75,approved,False
BON01266,USR00697,WELCOME50,2024-03-14 11:34:08,100,approved,False
BON01267,USR01081,CASHBACK20,2024-04-18 08:52:59,50,approved,False
BON01268,USR00052,NEWUSER75,2024-03-14 00:37:08,75,approved,False
BON01269,USR00818,NEWUSER75,2024-01-09 17:17:43,100,approved,False
BON01270,USR00664,CASHBACK20,2024-11-09 08:58:45,50,approved,False
BON01271,USR00664,WELCOME50,2024-07-09 12:39:53,200,rejected,False
BON01272,USR00305,NEWUSER75,2024-05-13 00:16:12,100,approved,False
BON01273,USR00849,FESTIVE200,2024-04-05 07:16:31,75,approved,False
BON01274,USR00849,FESTIVE200,2024-10-17 09:09:58,200,approved,False
BON01275,USR00920,CASHBACK20,2024-09-17 09:04:03,75,approved,False
BON01276,USR00920,CASHBACK20,2024-12-22 11:11:30,100,clawback,False
BON01277,USR00557,NEWUSER75,2024-03-30 07:57:12,200,approved,False
BON01278,USR01576,NEWUSER75,2024-04-02 06:34:04,100,approved,False
BON01279,USR01929,NEWUSER75,2024-05-31 04:09:03,75,rejected,False
BON01280,USR00782,FESTIVE200,2024-08-01 08:13:59,100,approved,False
BON01281,USR00101,CASHBACK20,2024-11-07 08:06:59,75,approved,False
BON01282,USR01987,SUMMER100,2024-04-02 18:49:01,100,approved,False
BON01283,USR01987,FESTIVE200,2024-11-27 07:20:00,75,approved,False
BON01284,USR01559,NEWUSER75,2024-10-06 23:55:26,75,approved,False
BON01285,USR00244,CASHBACK20,2024-05-18 21:26:28,50,approved,False
BON01286,USR00244,SUMMER100,2024-11-13 05:27:33,75,approved,False
BON01287,USR01884,FESTIVE200,2024-03-26 03:15:48,100,approved,False
BON01288,USR01877,CASHBACK20,2024-10-02 06:06:15,200,approved,False
BON01289,USR01877,FESTIVE200,2024-10-16 19:10:03,100,approved,False
BON01290,USR00928,WELCOME50,2024-09-28 19:38:45,100,approved,True
BON01291,USR00928,SUMMER100,2024-04-14 15:40:05,75,approved,True
BON01292,USR00928,SUMMER100,2024-12-18 12:01:05,100,approved,True
BON01293,USR00928,NEWUSER75,2024-05-21 17:42:37,200,approved,True
BON01294,USR00928,CASHBACK20,2024-05-02 14:24:18,75,clawback,True
BON01295,USR00928,SUMMER100,2024-03-11 18:33:17,50,approved,True
BON01296,USR00928,SUMMER100,2024-02-04 20:26:31,200,rejected,True
BON01297,USR00928,CASHBACK20,2024-09-16 11:39:07,100,approved,True
BON01298,USR00267,FESTIVE200,2024-12-04 03:23:37,75,approved,False
BON01299,USR00267,CASHBACK20,2024-09-02 14:44:43,100,rejected,False
BON01300,USR00071,FESTIVE200,2024-11-07 07:23:36,200,rejected,False
BON01301,USR00071,FESTIVE200,2024-11-13 04:32:50,100,approved,False
BON01302,USR01868,FESTIVE200,2024-08-18 09:51:21,200,approved,False
BON01303,USR01456,WELCOME50,2024-11-15 07:51:02,100,approved,False
BON01304,USR00045,CASHBACK20,2024-08-08 12:49:05,200,approved,False
BON01305,USR00045,NEWUSER75,2024-02-08 11:11:29,100,approved,False
BON01306,USR01766,SUMMER100,2024-01-28 01:52:33,200,approved,False
BON01307,USR01481,CASHBACK20,2024-04-20 09:41:57,200,approved,False
BON01308,USR01481,FESTIVE200,2024-12-05 13:18:44,50,approved,False
BON01309,USR00066,FESTIVE200,2024-05-23 07:58:21,200,approved,False
BON01310,USR00241,WELCOME50,2024-11-03 22:21:54,100,clawback,False
BON01311,USR00241,WELCOME50,2024-04-17 03:24:27,200,approved,False
BON01312,USR01634,CASHBACK20,2024-05-11 21:13:55,100,approved,False
BON01313,USR01866,CASHBACK20,2024-04-20 18:35:26,200,approved,False
BON01314,USR00569,FESTIVE200,2024-12-18 23:39:51,200,approved,False
BON01315,USR00173,NEWUSER75,2024-02-22 04:26:56,200,clawback,False
BON01316,USR00173,NEWUSER75,2024-10-08 06:21:49,100,approved,False
BON01317,USR01896,SUMMER100,2024-03-07 21:55:48,75,approved,False
BON01318,USR01896,WELCOME50,2024-03-31 08:22:11,200,rejected,False
BON01319,USR01509,CASHBACK20,2024-04-04 20:09:37,200,approved,False
BON01320,USR01045,FESTIVE200,2024-04-13 19:50:10,75,clawback,False
BON01321,USR01045,WELCOME50,2024-05-28 22:36:42,75,rejected,False
BON01322,USR00709,WELCOME50,2024-11-10 23:30:54,200,rejected,False
BON01323,USR00709,CASHBACK20,2024-08-21 10:44:54,100,rejected,False
BON01324,USR01813,CASHBACK20,2024-09-07 08:38:15,50,approved,False
BON01325,USR00422,SUMMER100,2024-04-26 14:01:24,50,approved,False
BON01326,USR00422,NEWUSER75,2024-08-08 21:56:30,75,rejected,False
BON01327,USR00098,WELCOME50,2024-07-09 11:12:50,200,approved,False
BON01328,USR00898,CASHBACK20,2024-10-30 09:56:22,100,approved,False
BON01329,USR00898,SUMMER100,2024-02-25 04:41:54,50,rejected,False
BON01330,USR00206,CASHBACK20,2024-04-18 12:01:28,100,approved,False
BON01331,USR00206,SUMMER100,2024-12-06 14:26:49,50,clawback,False
BON01332,USR01252,WELCOME50,2024-03-26 04:55:34,100,approved,False
BON01333,USR01252,NEWUSER75,2024-10-18 14:27:36,75,approved,False
BON01334,USR00527,CASHBACK20,2024-12-19 06:21:18,200,rejected,False
