date,total_txns,fraud_alerts,blocked_txns,new_accounts,duplicate_flags,bonus_abuse_flags,rolling_fraud_rate
2024-01-01,31,1,1,14,1,0,0.0
2024-01-02,44,1,1,11,1,0,0.0
2024-01-03,39,3,0,14,0,0,0.0
2024-01-04,35,5,1,17,2,1,0.0
2024-01-05,32,2,2,5,0,0,0.0
2024-01-06,31,1,3,16,0,0,0.0
2024-01-07,43,0,3,15,1,0,5.098039215686274
2024-01-08,35,3,3,13,0,0,5.7915057915057915
2024-01-09,35,2,2,12,0,0,6.4
2024-01-10,28,3,1,11,0,0,6.694560669456067
2024-01-11,32,0,1,14,2,1,4.661016949152542
2024-01-12,27,4,2,19,1,1,5.627705627705628
2024-01-13,26,1,3,11,0,0,5.7522123893805315
2024-01-14,36,1,1,9,3,2,6.392694063926941
2024-01-15,30,4,5,9,0,1,7.009345794392523
2024-01-16,26,5,0,15,1,2,8.78048780487805
2024-01-17,25,1,1,17,1,1,7.920792079207921
2024-01-18,36,1,3,9,1,1,8.252427184466018
2024-01-19,36,1,1,5,0,1,6.511627906976744
2024-01-20,41,0,1,12,1,0,5.6521739130434785
2024-01-21,34,2,2,16,1,0,6.140350877192983
2024-01-22,40,2,2,15,0,4,5.042016806722689
2024-01-23,39,5,5,5,0,0,4.780876494023905
2024-01-24,39,4,1,8,0,0,5.660377358490567
2024-01-25,43,4,5,19,1,0,6.617647058823531
2024-01-26,36,3,1,13,2,0,7.352941176470589
2024-01-27,44,5,1,18,1,0,9.090909090909092
2024-01-28,27,0,3,13,1,0,8.582089552238806
2024-01-29,29,2,1,9,0,0,8.94941634241245
2024-01-30,43,5,5,8,3,0,8.812260536398467
2024-01-31,31,5,2,7,1,0,9.486166007905137
2024-02-01,33,1,1,7,1,3,8.641975308641975
2024-02-02,31,3,0,16,1,0,8.823529411764707
2024-02-03,42,1,0,9,0,1,7.203389830508473
2024-02-04,28,2,4,14,1,0,8.016877637130802
2024-02-05,38,1,2,5,0,0,7.317073170731707
2024-02-06,42,0,1,9,0,0,5.306122448979592
2024-02-07,33,2,2,10,2,0,4.048582995951417
2024-02-08,26,2,0,11,2,0,4.583333333333334
2024-02-09,44,5,2,16,2,1,5.138339920948616
2024-02-10,39,1,1,13,0,0,5.2
2024-02-11,31,3,2,7,2,1,5.533596837944663
2024-02-12,36,1,0,19,0,0,5.577689243027889
2024-02-13,32,1,0,6,0,1,6.224066390041493
2024-02-14,39,1,1,18,0,0,5.668016194331984
2024-02-15,27,19,8,7,1,0,12.5
2024-02-16,38,3,4,16,0,0,11.983471074380168
2024-02-17,41,1,2,13,1,0,11.885245901639346
2024-02-18,28,3,0,16,1,1,12.033195020746888
2024-02-19,42,5,2,11,0,0,13.360323886639677
2024-02-20,32,3,1,13,0,0,14.17004048582996
2024-02-21,28,4,3,17,0,0,16.10169491525424
2024-02-22,26,1,2,6,0,1,8.510638297872342
2024-02-23,30,3,2,9,2,0,8.810572687224669
2024-02-24,34,6,1,17,2,0,11.363636363636365
2024-02-25,28,5,0,8,0,0,12.272727272727273
2024-02-26,42,3,4,19,0,0,11.363636363636365
2024-02-27,36,0,0,6,0,1,9.821428571428571
2024-02-28,26,3,3,13,2,0,9.459459459459458
2024-02-29,34,5,1,13,0,0,10.869565217391305
2024-03-01,28,2,2,10,4,1,10.526315789473683
2024-03-02,38,8,1,15,1,1,11.206896551724137
2024-03-03,40,1,5,10,0,1,9.01639344262295
2024-03-04,39,4,2,12,1,0,9.54356846473029
2024-03-05,32,1,1,10,0,3,10.126582278481013
2024-03-06,38,5,4,5,2,0,10.441767068273093
2024-03-07,32,3,2,8,0,0,9.7165991902834
2024-03-08,40,0,1,17,0,1,8.494208494208493
2024-03-09,37,3,3,11,1,0,6.5891472868217065
2024-03-10,42,1,0,17,2,1,6.538461538461537
2024-03-11,39,2,1,17,1,1,5.769230769230769
2024-03-12,37,3,0,6,0,0,6.415094339622642
2024-03-13,33,5,0,13,3,0,6.538461538461537
2024-03-14,39,3,3,12,1,1,6.367041198501871
2024-03-15,37,4,3,12,2,0,7.954545454545454
2024-03-16,25,0,1,11,0,1,7.142857142857144
2024-03-17,31,1,2,8,1,0,7.468879668049793
2024-03-18,33,1,0,6,0,0,7.234042553191489
2024-03-19,25,2,0,7,0,0,7.174887892376682
2024-03-20,36,3,3,16,3,1,6.1946902654867255
2024-03-21,32,1,1,10,2,0,5.47945205479452
2024-03-22,35,1,0,16,0,0,4.147465437788019
2024-03-23,43,1,3,16,0,1,4.255319148936171
2024-03-24,41,1,0,9,2,0,4.081632653061225
2024-03-25,32,1,4,16,0,0,4.0983606557377055
2024-03-26,27,2,4,12,1,0,4.0650406504065035
2024-03-27,27,2,2,10,2,0,3.7974683544303804
2024-03-28,25,2,1,10,0,0,4.347826086956522
2024-03-29,29,3,3,5,2,1,5.357142857142857
2024-03-30,34,1,0,8,1,2,5.581395348837209
2024-03-31,31,13,10,9,1,0,11.707317073170731
2024-04-01,33,1,4,16,1,0,11.650485436893204
2024-04-02,31,4,2,15,1,1,12.380952380952381
2024-04-03,33,1,4,7,0,0,11.574074074074074
2024-04-04,32,2,3,17,0,0,11.210762331838566
2024-04-05,36,1,0,13,1,2,10.0
2024-04-06,26,1,0,5,0,1,10.36036036036036
2024-04-07,25,1,2,10,0,0,5.092592592592593
2024-04-08,40,5,4,10,3,1,6.726457399103139
2024-04-09,29,4,1,14,1,0,6.787330316742081
2024-04-10,27,2,4,9,2,0,7.441860465116279
2024-04-11,36,4,0,16,1,2,8.219178082191782
2024-04-12,32,1,1,19,1,1,8.372093023255815
2024-04-13,27,1,3,9,0,0,8.333333333333334
2024-04-14,25,1,2,14,0,0,8.333333333333334
2024-04-15,27,2,3,18,1,0,7.389162561576354
2024-04-16,29,3,2,17,1,0,6.896551724137931
2024-04-17,39,4,0,9,0,1,7.441860465116279
2024-04-18,38,3,1,10,1,0,6.912442396313363
2024-04-19,27,3,1,12,0,0,8.018867924528301
2024-04-20,25,2,2,6,1,0,8.571428571428571
2024-04-21,29,1,0,10,0,1,8.411214953271028
2024-04-22,38,3,3,5,0,0,8.444444444444445
2024-04-23,31,2,4,8,2,1,7.929515418502203
2024-04-24,33,1,2,18,1,0,6.787330316742081
2024-04-25,39,0,3,14,0,0,5.405405405405405
2024-04-26,39,3,3,7,1,0,5.128205128205128
2024-04-27,34,4,3,13,0,2,5.761316872427984
2024-04-28,37,4,2,7,0,1,6.772908366533864
2024-04-29,43,3,2,19,0,0,6.640625
2024-04-30,31,3,0,10,1,0,7.031250000000002
2024-05-01,41,2,3,5,1,0,7.196969696969697
2024-05-02,44,3,2,16,1,0,8.178438661710038
2024-05-03,28,4,1,10,0,1,8.914728682170542
2024-05-04,29,2,0,8,2,0,8.300395256916996
2024-05-05,31,3,1,12,0,0,8.097165991902834
2024-05-06,37,4,5,17,0,0,8.71369294605809
2024-05-07,39,3,1,15,0,0,8.433734939759036
2024-05-08,35,5,2,13,0,0,9.876543209876543
2024-05-09,28,1,2,8,1,0,9.691629955947135
2024-05-10,37,1,1,14,0,1,8.05084745762712
2024-05-11,31,5,0,16,2,0,9.243697478991598
2024-05-12,43,2,0,14,0,0,8.399999999999999
2024-05-13,26,2,2,10,0,0,7.949790794979079
2024-05-14,34,5,2,5,1,0,8.974358974358974
2024-05-15,37,15,8,8,0,1,13.135593220338984
2024-05-16,30,5,3,11,1,1,14.705882352941178
2024-05-17,36,3,0,16,1,0,15.611814345991561
2024-05-18,36,6,2,19,0,0,15.702479338842975
2024-05-19,44,6,2,5,1,1,17.28395061728395
2024-05-20,35,3,1,12,2,1,17.063492063492063
2024-05-21,31,5,3,16,0,1,17.269076305220885
2024-05-22,25,2,0,14,0,1,12.658227848101266
2024-05-23,25,2,1,16,3,1,11.637931034482758
2024-05-24,44,3,2,15,0,0,11.25
2024-05-25,37,2,2,10,3,0,9.54356846473029
2024-05-26,33,1,1,9,1,1,7.82608695652174
2024-05-27,27,3,1,14,1,1,8.108108108108109
2024-05-28,31,2,0,15,0,0,6.756756756756756
2024-05-29,30,3,1,19,1,0,7.048458149779735
2024-05-30,32,1,2,18,1,2,6.41025641025641
2024-05-31,33,3,1,13,0,0,6.726457399103139
2024-06-01,29,3,4,6,1,1,7.441860465116279
2024-06-02,25,1,1,9,2,0,7.729468599033816
2024-06-03,43,2,3,10,0,3,6.726457399103139
2024-06-04,34,3,1,11,0,0,7.079646017699115
2024-06-05,36,2,3,9,0,0,6.46551724137931
2024-06-06,39,3,0,13,2,1,7.11297071129707
2024-06-07,33,2,0,5,0,1,6.694560669456067
2024-06-08,44,0,1,11,0,2,5.118110236220473
2024-06-09,41,2,3,14,1,0,5.185185185185186
2024-06-10,41,0,2,11,1,0,4.477611940298507
2024-06-11,44,1,2,8,1,0,3.597122302158273
2024-06-12,36,1,2,13,1,0,3.237410071942446
2024-06-13,31,2,4,18,0,0,2.9629629629629632
2024-06-14,26,2,2,16,2,2,3.041825095057034
2024-06-15,27,4,3,15,0,0,4.878048780487805
2024-06-16,41,2,1,9,0,1,4.878048780487805
2024-06-17,29,1,1,8,0,0,5.555555555555555
2024-06-18,41,1,2,17,0,0,5.627705627705628
2024-06-19,41,0,2,11,0,0,5.084745762711864
2024-06-20,41,2,2,8,1,0,4.878048780487805
2024-06-21,26,3,2,19,1,1,5.284552845528455
2024-06-22,26,2,0,7,0,0,4.489795918367347
2024-06-23,29,3,3,13,5,0,5.150214592274678
2024-06-24,25,3,0,15,0,0,6.11353711790393
2024-06-25,25,5,3,12,2,1,8.450704225352114
2024-06-26,43,3,2,5,1,1,9.767441860465116
2024-06-27,26,3,2,11,0,2,10.999999999999998
2024-06-28,36,1,4,13,2,0,9.523809523809526
2024-06-29,30,0,0,12,0,0,8.411214953271028
2024-06-30,28,2,3,12,0,0,7.981220657276995
2024-07-01,35,4,3,17,3,1,8.071748878923767
2024-07-02,41,0,1,10,1,0,5.439330543933054
2024-07-03,30,3,2,15,1,3,5.7522123893805315
2024-07-04,29,2,2,8,0,1,5.240174672489083
2024-07-05,44,3,4,12,2,0,5.907172995780591
2024-07-06,26,0,3,7,1,0,6.008583690987124
2024-07-07,30,2,2,17,0,0,5.957446808510639
2024-07-08,35,2,0,13,0,0,5.106382978723404
2024-07-09,40,2,4,17,0,1,5.982905982905982
2024-07-10,40,2,1,6,1,1,5.327868852459017
2024-07-11,25,4,4,6,2,0,6.25
2024-07-12,33,2,3,16,1,0,6.11353711790393
2024-07-13,30,3,2,17,1,0,7.296137339055794
2024-07-14,40,1,1,19,0,0,6.584362139917695
2024-07-15,27,4,1,16,0,0,7.659574468085108
2024-07-16,44,4,1,11,0,0,8.368200836820083
2024-07-17,28,1,1,16,0,0,8.370044052863436
2024-07-18,43,3,3,14,3,0,7.346938775510205
2024-07-19,27,3,4,8,0,1,7.949790794979079
2024-07-20,43,4,2,14,0,1,7.936507936507936
2024-07-21,44,4,0,12,0,2,8.984375
2024-07-22,31,3,1,13,0,1,8.46153846153846
2024-07-23,44,1,2,11,1,0,7.307692307692308
2024-07-24,33,6,3,9,0,0,9.056603773584907
2024-07-25,25,3,1,12,0,0,9.7165991902834
2024-07-26,32,2,3,8,2,2,9.126984126984127
2024-07-27,31,0,3,6,2,0,7.916666666666668
2024-07-28,42,3,3,15,0,0,7.563025210084034
2024-07-29,32,3,3,19,2,0,7.531380753138076
2024-07-30,25,3,2,16,0,1,9.090909090909092
2024-07-31,35,0,1,10,0,0,6.306306306306306
2024-08-01,42,1,3,13,1,0,5.020920502092049
2024-08-02,34,7,3,5,0,1,7.053941908713692
2024-08-03,27,6,0,15,3,1,9.704641350210972
2024-08-04,31,2,4,14,1,0,9.734513274336283
2024-08-05,40,2,1,16,1,0,8.974358974358974
2024-08-06,40,1,2,11,1,0,7.630522088353414
2024-08-07,44,0,1,14,1,0,7.3643410852713185
2024-08-08,41,15,6,13,0,3,12.840466926070038
2024-08-09,26,2,2,14,0,1,11.244979919678716
2024-08-10,25,5,1,13,0,0,10.931174089068826
2024-08-11,40,5,5,14,2,0,11.71875
2024-08-12,36,1,0,15,0,0,11.507936507936508
2024-08-13,29,1,2,17,0,1,12.033195020746888
2024-08-14,29,2,4,7,0,0,13.716814159292037
2024-08-15,33,5,2,15,0,1,9.63302752293578
2024-08-16,33,2,0,17,1,0,9.333333333333332
2024-08-17,27,2,5,9,0,0,7.929515418502203
2024-08-18,43,3,1,12,0,2,6.956521739130435
2024-08-19,40,2,4,12,0,0,7.264957264957264
2024-08-20,40,6,3,8,1,0,8.979591836734693
2024-08-21,27,2,1,19,0,1,9.05349794238683
2024-08-22,44,2,0,19,0,0,7.480314960629922
2024-08-23,25,2,2,16,0,0,7.723577235772358
2024-08-24,44,5,4,15,0,0,8.365019011406845
2024-08-25,35,4,0,15,0,0,9.019607843137253
2024-08-26,41,8,1,5,2,1,11.328125000000002
2024-08-27,32,3,1,5,0,0,10.483870967741936
2024-08-28,28,2,0,19,0,2,10.441767068273093
2024-08-29,30,3,2,8,1,0,11.489361702127662
2024-08-30,32,1,1,10,1,0,10.743801652892564
2024-08-31,44,4,2,12,1,1,10.330578512396697
2024-09-01,27,3,1,10,2,2,10.256410256410255
2024-09-02,40,5,0,16,0,0,9.012875536480687
2024-09-03,27,2,1,13,1,0,8.771929824561404
2024-09-04,42,0,0,19,0,0,7.438016528925622
2024-09-05,38,2,2,19,0,0,6.799999999999999
2024-09-06,42,3,1,13,1,2,7.307692307692308
2024-09-07,26,4,2,18,0,1,7.851239669421488
2024-09-08,27,1,1,6,1,0,7.024793388429752
2024-09-09,40,0,2,14,1,0,4.958677685950414
2024-09-10,33,4,3,5,0,1,5.64516129032258
2024-09-11,28,3,1,6,1,1,7.264957264957264
2024-09-12,25,3,2,9,1,0,8.144796380090497
2024-09-13,28,1,2,8,1,0,7.729468599033816
2024-09-14,25,3,3,8,0,0,7.281553398058252
2024-09-15,38,4,1,13,0,2,8.294930875576037
2024-09-16,40,4,1,15,1,0,10.138248847926267
2024-09-17,44,1,2,12,3,0,8.333333333333334
2024-09-18,32,5,2,10,0,0,9.051724137931034
2024-09-19,31,6,0,5,1,0,10.084033613445378
2024-09-20,27,0,2,6,0,0,9.704641350210972
2024-09-21,41,4,0,10,2,1,9.486166007905137
2024-09-22,25,2,3,15,0,0,9.166666666666668
2024-09-23,40,2,2,6,0,0,8.333333333333334
2024-09-24,36,3,5,19,2,0,9.482758620689655
2024-09-25,43,1,1,17,0,0,7.407407407407408
2024-09-26,38,0,1,14,1,1,4.8
2024-09-27,30,3,0,9,2,0,5.928853754940711
2024-09-28,30,3,1,18,1,0,5.785123966942149
2024-09-29,37,1,2,9,0,1,5.118110236220473
2024-09-30,43,2,0,10,1,0,5.058365758754864
2024-10-01,32,4,2,10,2,0,5.533596837944663
2024-10-02,26,2,3,18,0,2,6.3559322033898304
2024-10-03,25,1,2,10,0,3,7.174887892376682
2024-10-04,39,0,6,18,0,1,5.6034482758620685
2024-10-05,25,1,2,6,0,1,4.845814977973568
2024-10-06,29,3,3,18,0,1,5.936073059360731
2024-10-07,40,1,1,14,1,1,5.555555555555555
2024-10-08,43,2,0,18,2,0,4.405286343612334
2024-10-09,28,1,2,17,0,1,3.9301310043668125
2024-10-10,27,5,0,19,1,1,5.627705627705628
2024-10-11,41,1,2,18,0,0,6.008583690987124
2024-10-12,41,5,0,7,2,1,7.2289156626506035
2024-10-13,36,1,1,18,0,1,6.25
2024-10-14,38,0,2,10,1,0,5.905511811023622
2024-10-15,30,1,2,17,3,0,5.809128630705394
2024-10-16,27,3,1,12,0,0,6.666666666666667
2024-10-17,33,3,1,16,1,0,5.691056910569105
2024-10-18,29,5,3,17,1,0,7.6923076923076925
2024-10-19,41,2,0,15,0,0,6.41025641025641
2024-10-20,38,0,1,16,4,0,5.932203389830509
2024-10-21,27,3,0,5,2,2,7.5555555555555545
2024-10-22,25,3,2,5,1,1,8.636363636363638
2024-10-23,44,1,1,15,1,1,7.172995780590717
2024-10-24,25,4,3,17,0,1,7.860262008733625
2024-10-25,27,4,4,6,0,1,7.488986784140968
2024-10-26,42,3,1,15,0,1,7.894736842105264
2024-10-27,34,2,1,19,0,0,8.928571428571429
2024-10-28,27,2,4,16,0,1,8.482142857142858
2024-10-29,32,3,1,16,0,0,8.225108225108226
2024-10-30,38,3,1,10,2,1,9.333333333333332
2024-10-31,42,2,1,13,0,1,7.851239669421488
2024-11-01,39,3,3,8,1,0,7.086614173228348
2024-11-02,26,2,0,7,2,0,7.142857142857142
2024-11-03,34,3,2,16,0,0,7.563025210084034
2024-11-04,26,2,4,12,1,0,7.594936708860761
2024-11-05,41,3,1,15,2,0,7.317073170731707
2024-11-06,32,13,7,14,0,0,11.666666666666666
2024-11-07,25,0,2,18,0,2,11.659192825112108
2024-11-08,33,6,5,13,1,0,13.36405529953917
2024-11-09,35,1,1,16,1,0,12.389380530973451
2024-11-10,40,1,4,15,2,0,11.206896551724137
2024-11-11,31,2,4,9,1,1,10.9704641350211
2024-11-12,34,1,1,13,0,0,10.434782608695652
2024-11-13,27,3,1,6,1,0,6.222222222222221
2024-11-14,42,3,2,7,0,0,7.024793388429752
2024-11-15,37,5,4,11,0,2,6.5040650406504055
2024-11-16,31,2,3,11,0,0,7.024793388429752
2024-11-17,28,2,0,10,0,2,7.82608695652174
2024-11-18,37,2,4,10,1,0,7.627118644067797
2024-11-19,44,3,3,6,1,0,8.130081300813007
2024-11-20,25,7,1,14,1,0,9.836065573770492
2024-11-21,32,0,3,10,2,0,8.974358974358974
2024-11-22,38,4,0,8,4,0,8.510638297872342
2024-11-23,40,2,1,16,1,0,8.196721311475411
2024-11-24,38,2,2,7,0,0,7.874015748031496
2024-11-25,36,7,1,17,1,1,9.881422924901186
2024-11-26,43,5,3,15,4,0,10.714285714285715
2024-11-27,39,2,0,17,0,0,8.270676691729323
2024-11-28,26,0,3,6,0,0,8.46153846153846
2024-11-29,26,2,5,5,0,1,8.064516129032258
2024-11-30,43,3,0,15,0,0,8.366533864541834
2024-12-01,41,2,1,15,0,1,8.267716535433072
2024-12-02,44,4,2,9,1,1,6.870229007633588
2024-12-03,34,3,1,6,0,0,6.324110671936759
2024-12-04,30,2,2,6,1,0,6.557377049180328
2024-12-05,39,6,2,11,0,0,8.560311284046692
2024-12-06,35,0,0,12,2,2,7.518796992481203
2024-12-07,29,1,3,17,0,0,7.142857142857144
2024-12-08,25,4,0,14,2,2,8.47457627118644
2024-12-09,32,2,1,12,2,0,8.035714285714286
2024-12-10,36,2,1,18,2,0,7.5221238938053085
2024-12-11,36,3,4,8,0,1,7.758620689655173
2024-12-12,29,3,1,19,1,0,6.756756756756756
2024-12-13,31,1,3,18,0,1,7.339449541284402
2024-12-14,28,2,1,5,3,0,7.834101382488479
2024-12-15,30,1,3,15,1,0,6.306306306306306
2024-12-16,37,3,1,11,4,0,6.607929515418502
2024-12-17,44,2,1,5,1,0,6.382978723404256
2024-12-18,39,5,4,15,1,0,7.142857142857142
2024-12-19,27,2,0,8,1,0,6.779661016949152
2024-12-20,32,3,2,12,1,0,7.594936708860761
2024-12-21,44,3,1,6,1,2,7.5098814229249005
2024-12-22,40,1,1,10,2,0,7.224334600760457
2024-12-23,37,3,2,17,0,0,7.224334600760457
2024-12-24,42,3,1,10,1,0,7.662835249042146
2024-12-25,34,0,2,16,0,0,5.859375
2024-12-26,43,3,1,13,1,1,5.88235294117647
2024-12-27,41,4,2,9,2,0,6.049822064056939
2024-12-28,43,4,0,14,0,0,6.42857142857143
2024-12-29,29,2,1,8,2,1,7.063197026022305
2024-12-30,33,3,4,9,3,1,7.169811320754718
2024-12-31,36,1,3,16,1,2,6.563706563706563
