referral_id,referrer_id,referee_id,referral_date,bonus_amount,bonus_status,referee_verified,same_device,same_ip,_is_fraudulent
REF00001,USR00429,USR00775,2024-10-02 07:37:05,200,paid,True,False,False,False
REF00002,USR01309,USR00256,2024-03-29 13:52:29,50,paid,True,False,False,False
REF00003,USR00888,USR00439,2024-02-18 18:03:11,150,pending,True,False,False,False
REF00004,USR01538,USR00456,2024-10-14 22:25:41,100,pending,False,False,False,False
REF00005,USR01497,USR01860,2024-11-14 07:23:24,200,paid,True,False,False,False
REF00006,USR00013,USR00419,2024-02-02 06:17:17,150,paid,True,False,False,False
REF00007,USR01740,USR00006,2024-07-09 19:30:10,200,paid,True,False,False,False
REF00008,USR00086,USR00034,2024-03-16 10:42:44,100,paid,True,False,False,False
REF00009,USR00555,USR00260,2024-01-10 19:55:26,100,paid,True,False,False,False
REF00010,USR01307,USR00167,2024-06-28 11:47:31,150,paid,True,False,False,False
REF00011,USR00691,USR01441,2024-06-03 19:05:03,150,paid,True,False,False,False
REF00012,USR01800,USR01834,2024-11-15 21:00:03,150,paid,False,False,False,False
REF00013,USR01885,USR01698,2024-04-06 12:37:38,200,paid,True,False,False,False
REF00014,USR01638,USR00713,2024-06-14 20:36:39,50,paid,True,False,False,False
REF00015,USR01022,USR00541,2024-02-11 11:50:04,50,paid,True,False,False,False
REF00016,USR00004,USR00292,2024-07-18 09:56:17,150,pending,True,False,False,False
REF00017,USR01718,USR01817,2024-03-22 16:09:39,150,rejected,True,False,False,False
REF00018,USR01783,USR01254,2024-05-19 10:54:35,100,paid,True,False,False,False
REF00019,USR01971,USR00606,2024-09-16 20:26:05,100,pending,True,False,False,False
REF00020,USR01652,USR01007,2024-03-15 10:49:40,200,paid,False,False,False,False
REF00021,USR01393,USR00145,2024-10-16 19:16:43,150,paid,True,False,False,False
REF00022,USR00498,USR01341,2024-04-09 05:49:16,100,paid,True,False,False,True
REF00023,USR00442,USR01285,2024-05-05 13:05:52,100,pending,True,False,False,False
REF00024,USR00392,USR00070,2024-06-21 10:29:12,200,paid,True,False,False,False
REF00025,USR01557,USR01173,2024-05-05 23:25:06,200,paid,True,False,False,False
REF00026,USR01988,USR01318,2024-03-23 08:24:05,50,paid,True,False,False,False
REF00027,USR00512,USR01120,2024-02-22 15:22:16,100,paid,True,False,False,False
REF00028,USR00234,USR01677,2024-08-26 02:46:01,200,paid,True,False,False,False
REF00029,USR01793,USR00053,2024-10-12 05:02:22,50,pending,False,False,False,False
REF00030,USR00194,USR01528,2024-05-14 22:44:18,100,paid,True,False,False,False
REF00031,USR01117,USR01534,2024-06-18 02:05:55,200,paid,False,False,False,False
REF00032,USR01053,USR01055,2024-04-08 04:39:37,100,pending,True,False,False,False
REF00033,USR00935,USR00105,2024-09-20 18:59:45,150,paid,True,False,False,False
REF00034,USR00619,USR00734,2024-07-08 04:37:36,200,paid,True,False,False,False
REF00035,USR01811,USR00120,2024-01-22 17:24:17,100,paid,False,False,False,False
REF00036,USR00229,USR00110,2024-01-17 07:37:00,50,paid,False,True,True,True
REF00037,USR00729,USR01101,2024-08-25 00:20:15,200,pending,False,False,False,False
REF00038,USR00464,USR00207,2024-07-10 08:35:57,200,paid,True,False,False,False
REF00039,USR01284,USR00942,2024-02-17 15:23:03,150,paid,True,False,False,False
REF00040,USR01032,USR01420,2024-08-11 09:13:00,50,paid,True,False,False,False
REF00041,USR00585,USR01733,2024-07-31 22:51:24,100,paid,True,False,False,False
REF00042,USR01666,USR01852,2024-04-05 07:46:36,100,pending,True,True,True,True
REF00043,USR00980,USR01666,2024-03-09 19:20:45,150,rejected,False,False,False,False
REF00044,USR00198,USR00177,2024-11-24 08:55:45,100,paid,True,False,False,False
REF00045,USR01107,USR00865,2024-12-17 16:36:11,50,paid,False,False,False,False
REF00046,USR01008,USR01558,2024-01-25 22:48:29,150,rejected,False,False,False,False
REF00047,USR00378,USR00662,2024-10-28 11:08:15,50,pending,False,False,False,False
REF00048,USR01168,USR00467,2024-09-20 10:22:48,150,pending,False,False,False,False
REF00049,USR00507,USR00722,2024-02-14 19:16:35,50,pending,True,False,False,False
REF00050,USR00779,USR00544,2024-02-13 07:44:11,200,paid,False,False,False,False
REF00051,USR01282,USR01845,2024-01-21 03:21:06,150,rejected,True,False,False,False
REF00052,USR01628,USR01808,2024-10-12 20:18:29,200,rejected,True,True,False,True
REF00053,USR00329,USR00269,2024-03-12 08:27:53,200,paid,True,False,False,False
REF00054,USR01805,USR00345,2024-09-02 20:04:24,100,rejected,False,False,False,False
REF00055,USR00264,USR00101,2024-01-20 19:26:24,200,paid,False,False,False,False
REF00056,USR00116,USR01981,2024-10-02 04:31:49,150,paid,True,False,False,False
REF00057,USR01653,USR00390,2024-02-10 23:52:17,200,rejected,True,False,False,False
REF00058,USR00331,USR01388,2024-01-30 12:02:30,150,pending,True,False,False,False
REF00059,USR01058,USR00251,2024-07-26 00:16:12,200,paid,True,False,False,False
REF00060,USR01217,USR00346,2024-09-23 11:55:58,200,paid,True,False,False,False
REF00061,USR01832,USR00602,2024-11-16 06:17:19,100,paid,True,True,True,True
REF00062,USR00229,USR01786,2024-02-12 11:53:50,50,pending,True,False,False,False
REF00063,USR01995,USR01608,2024-05-06 20:39:23,200,paid,True,False,False,False
REF00064,USR01426,USR00006,2024-10-07 16:19:11,100,paid,True,False,False,False
REF00065,USR00530,USR00490,2024-08-30 02:54:14,200,paid,True,False,False,False
REF00066,USR01599,USR01774,2024-12-06 13:14:48,150,pending,False,False,False,False
REF00067,USR01547,USR01005,2024-05-18 19:10:46,50,pending,True,False,False,False
REF00068,USR00866,USR00548,2024-06-25 18:02:24,200,paid,True,True,True,True
REF00069,USR01505,USR00625,2024-03-07 21:25:47,100,paid,True,False,False,False
REF00070,USR00531,USR01842,2024-01-31 09:49:52,100,paid,False,False,False,False
REF00071,USR00037,USR01035,2024-11-01 10:45:58,100,paid,True,False,False,False
REF00072,USR01279,USR00614,2024-09-29 11:56:53,200,pending,True,False,False,False
REF00073,USR00429,USR01246,2024-05-20 04:20:50,150,rejected,False,False,False,False
REF00074,USR01322,USR01716,2024-07-09 14:43:22,50,pending,True,False,False,False
REF00075,USR00543,USR01691,2024-06-23 06:48:55,50,paid,True,False,False,False
REF00076,USR01493,USR01775,2024-12-04 09:07:47,100,paid,True,False,False,False
REF00077,USR01764,USR01400,2024-08-20 10:11:29,50,paid,True,True,True,True
REF00078,USR00343,USR01393,2024-08-20 23:03:35,150,paid,True,False,False,False
REF00079,USR00662,USR00047,2024-10-21 01:37:36,100,paid,True,False,False,False
REF00080,USR00783,USR01715,2024-05-15 22:32:31,100,paid,True,False,False,False
REF00081,USR01800,USR01930,2024-12-30 13:01:46,50,paid,False,False,False,False
REF00082,USR01456,USR00545,2024-10-07 08:36:10,200,paid,True,False,False,False
REF00083,USR01233,USR01972,2024-01-16 09:45:08,200,paid,False,False,False,False
REF00084,USR01316,USR00589,2024-12-19 00:26:02,100,pending,True,False,False,False
REF00085,USR00645,USR00495,2024-07-26 03:00:24,50,paid,False,False,False,False
REF00086,USR01388,USR01225,2024-09-15 14:42:30,150,pending,False,False,False,False
REF00087,USR00702,USR00630,2024-09-06 12:06:26,200,paid,False,False,False,False
REF00088,USR01188,USR01201,2024-07-19 19:29:21,100,paid,False,False,False,False
REF00089,USR01959,USR00836,2024-09-02 14:42:43,100,pending,True,False,False,False
REF00090,USR01667,USR01595,2024-06-07 02:06:28,50,paid,True,False,False,False
REF00091,USR01515,USR01004,2024-11-03 03:16:49,150,pending,True,False,False,False
REF00092,USR01299,USR01368,2024-04-24 04:15:32,100,rejected,True,False,False,False
REF00093,USR00175,USR01668,2024-09-02 23:29:30,100,pending,True,False,False,True
REF00094,USR00742,USR00833,2024-10-11 10:52:11,100,paid,True,False,False,False
REF00095,USR00070,USR01200,2024-10-13 18:19:07,200,pending,True,False,False,False
REF00096,USR00104,USR00710,2024-12-24 15:06:26,50,rejected,True,False,False,False
REF00097,USR00918,USR00873,2024-07-06 00:18:23,200,pending,True,False,False,False
REF00098,USR01114,USR00887,2024-02-24 03:31:53,100,paid,True,False,False,False
REF00099,USR00300,USR01199,2024-05-06 08:40:23,200,paid,True,False,False,False
REF00100,USR00373,USR01528,2024-11-11 21:23:29,200,paid,True,False,False,False
REF00101,USR01657,USR00095,2024-04-20 05:11:29,50,pending,False,False,False,False
REF00102,USR00152,USR01014,2024-10-26 19:59:48,200,paid,True,False,False,False
REF00103,USR01506,USR01329,2024-12-12 19:44:30,150,paid,False,False,False,False
REF00104,USR00641,USR01769,2024-04-27 22:33:38,50,rejected,True,False,False,False
REF00105,USR01316,USR01950,2024-06-19 04:10:01,50,pending,True,False,False,True
REF00106,USR00858,USR00251,2024-05-05 20:19:07,200,pending,True,False,False,False
REF00107,USR00027,USR00192,2024-02-08 16:17:14,50,paid,True,False,False,False
REF00108,USR01529,USR01609,2024-07-01 21:09:50,100,pending,True,False,False,False
REF00109,USR00851,USR00727,2024-05-25 16:36:41,50,paid,True,False,False,False
REF00110,USR00368,USR00463,2024-01-25 12:14:04,150,paid,True,False,False,False
REF00111,USR00610,USR01095,2024-09-14 14:49:34,50,paid,True,True,True,True
REF00112,USR00624,USR00518,2024-05-18 14:06:18,100,paid,False,False,False,False
REF00113,USR01357,USR00939,2024-04-18 07:19:48,50,pending,False,False,False,False
REF00114,USR00479,USR00466,2024-08-04 23:56:36,100,paid,True,False,False,False
REF00115,USR00016,USR01190,2024-03-19 03:54:08,200,pending,True,False,False,False
REF00116,USR01667,USR00627,2024-03-11 16:10:52,50,paid,False,False,False,False
REF00117,USR01817,USR00745,2024-10-28 08:01:28,150,paid,False,False,False,False
REF00118,USR00328,USR00872,2024-05-23 23:09:30,200,pending,True,False,False,False
REF00119,USR01768,USR01884,2024-09-04 07:27:51,150,rejected,True,False,False,False
REF00120,USR01344,USR01119,2024-12-14 04:08:28,150,paid,True,False,False,False
REF00121,USR00425,USR00153,2024-11-11 20:42:24,100,paid,False,False,False,False
REF00122,USR01359,USR00434,2024-08-10 10:42:50,100,paid,False,False,False,False
REF00123,USR00298,USR01601,2024-12-17 14:25:26,100,pending,True,False,False,False
REF00124,USR00013,USR01761,2024-10-26 17:36:01,100,paid,True,False,False,False
REF00125,USR00370,USR01459,2024-08-12 18:01:19,200,pending,True,False,False,False
REF00126,USR01393,USR00960,2024-04-21 06:07:29,200,paid,True,False,False,False
REF00127,USR01941,USR01976,2024-08-25 00:29:31,100,paid,True,False,False,False
REF00128,USR00374,USR01256,2024-03-29 14:51:04,200,paid,True,False,False,False
REF00129,USR01530,USR01746,2024-02-01 21:47:32,100,paid,True,False,False,False
REF00130,USR01507,USR01490,2024-04-16 04:10:19,150,paid,True,False,False,False
REF00131,USR01950,USR00575,2024-10-17 20:26:55,100,paid,True,False,False,False
REF00132,USR01159,USR01064,2024-05-28 07:18:50,100,rejected,True,False,False,False
REF00133,USR00507,USR00977,2024-06-08 13:13:47,100,pending,True,False,False,False
REF00134,USR00159,USR00371,2024-11-23 23:19:54,100,paid,True,False,False,False
REF00135,USR00134,USR00174,2024-07-09 22:51:12,200,paid,True,False,False,False
REF00136,USR00618,USR00561,2024-06-25 21:36:33,100,rejected,True,False,False,False
REF00137,USR01968,USR01387,2024-08-09 02:49:30,150,paid,False,False,False,False
REF00138,USR00289,USR01134,2024-11-29 21:07:16,200,paid,True,False,False,False
REF00139,USR00899,USR01190,2024-11-07 06:16:43,100,rejected,True,False,False,False
REF00140,USR00447,USR01618,2024-07-30 20:25:53,150,paid,True,False,False,False
REF00141,USR01727,USR01740,2024-05-18 11:20:47,100,paid,True,False,False,False
REF00142,USR01675,USR00636,2024-06-11 11:03:01,50,paid,True,False,False,False
REF00143,USR00159,USR00165,2024-02-21 19:44:54,100,paid,False,False,False,False
REF00144,USR00358,USR01979,2024-05-14 22:27:33,50,paid,True,False,False,False
REF00145,USR01770,USR00705,2024-08-26 01:44:08,50,paid,True,False,False,False
REF00146,USR01284,USR00470,2024-06-24 18:57:35,200,rejected,False,False,False,False
REF00147,USR01815,USR01098,2024-08-09 06:17:51,150,paid,True,False,False,False
REF00148,USR01518,USR00125,2024-07-17 19:10:09,100,paid,True,False,False,False
REF00149,USR00671,USR00480,2024-10-11 21:03:30,50,paid,False,True,False,True
REF00150,USR02000,USR01551,2024-10-25 00:00:04,100,paid,True,True,False,True
REF00151,USR01720,USR01086,2024-05-18 22:10:40,100,paid,True,False,False,False
REF00152,USR01064,USR01070,2024-05-21 18:00:51,200,paid,True,False,False,False
REF00153,USR00111,USR00798,2024-05-14 20:58:35,50,paid,True,False,False,False
REF00154,USR00810,USR01430,2024-06-23 03:10:30,100,paid,True,False,False,False
REF00155,USR00278,USR00001,2024-12-14 05:36:46,50,paid,True,False,False,False
REF00156,USR00495,USR01332,2024-07-09 04:38:58,200,paid,False,False,False,False
REF00157,USR00120,USR01774,2024-02-02 02:12:09,150,paid,True,False,False,False
REF00158,USR01216,USR01837,2024-11-08 09:37:23,150,paid,False,False,False,False
REF00159,USR00825,USR01043,2024-04-19 00:26:50,100,paid,False,False,False,False
REF00160,USR00392,USR00212,2024-03-10 02:54:07,50,pending,False,False,False,False
REF00161,USR01702,USR01395,2024-12-17 17:46:18,100,paid,True,False,False,False
REF00162,USR01822,USR01760,2024-10-01 15:00:35,100,paid,True,False,False,False
REF00163,USR01635,USR00571,2024-08-03 20:37:35,200,paid,False,False,False,False
REF00164,USR00086,USR00396,2024-11-23 05:45:47,200,paid,True,False,False,False
REF00165,USR00743,USR01208,2024-12-13 11:52:33,200,paid,True,False,False,False
REF00166,USR00399,USR00431,2024-08-16 18:06:03,100,rejected,True,False,False,False
REF00167,USR00389,USR00090,2024-06-04 18:20:27,150,pending,False,True,True,True
REF00168,USR01357,USR00973,2024-04-23 02:12:32,100,rejected,False,False,False,False
REF00169,USR01275,USR01044,2024-08-12 15:12:52,100,rejected,True,False,False,False
REF00170,USR01169,USR00247,2024-10-16 00:09:43,200,paid,True,False,False,False
REF00171,USR00603,USR00711,2024-03-21 18:22:59,50,rejected,True,False,False,False
REF00172,USR00717,USR00540,2024-10-07 21:06:12,200,paid,True,False,False,False
REF00173,USR00083,USR00690,2024-07-10 12:02:27,200,paid,True,False,False,False
REF00174,USR01945,USR00068,2024-09-10 14:49:16,50,pending,True,False,False,False
REF00175,USR00414,USR00732,2024-10-29 19:09:41,50,paid,True,False,False,False
REF00176,USR01598,USR00237,2024-03-29 08:54:16,200,paid,True,False,False,False
REF00177,USR01731,USR00617,2024-12-29 04:47:43,100,paid,False,False,False,False
REF00178,USR01888,USR01080,2024-10-21 01:21:42,200,rejected,True,False,False,False
REF00179,USR00163,USR01980,2024-07-15 21:05:50,200,pending,True,False,False,False
REF00180,USR00785,USR00710,2024-12-07 07:04:04,50,paid,False,False,False,False
REF00181,USR00434,USR00871,2024-06-21 03:47:40,100,paid,True,False,False,False
REF00182,USR01727,USR00662,2024-09-08 07:41:10,200,paid,True,False,False,False
REF00183,USR01567,USR01856,2024-06-04 19:29:35,200,rejected,True,False,False,False
REF00184,USR00637,USR00242,2024-11-22 14:42:02,100,paid,True,False,False,False
REF00185,USR00704,USR00412,2024-06-09 08:54:39,50,paid,True,False,False,False
REF00186,USR01616,USR00869,2024-03-07 22:11:39,100,paid,True,False,False,False
REF00187,USR01329,USR00351,2024-07-03 11:04:04,200,pending,False,False,False,False
REF00188,USR00646,USR01077,2024-01-03 14:02:45,200,paid,True,False,False,False
REF00189,USR00150,USR01525,2024-03-04 23:45:24,50,pending,False,False,False,False
REF00190,USR01347,USR01722,2024-03-26 10:10:02,200,pending,False,False,False,False
REF00191,USR01312,USR00760,2024-06-22 23:00:42,200,pending,True,False,False,False
REF00192,USR00028,USR00235,2024-12-08 15:11:35,100,paid,True,False,False,False
REF00193,USR01260,USR01114,2024-08-08 23:40:14,100,rejected,True,False,False,False
REF00194,USR00264,USR01740,2024-06-17 10:04:28,150,pending,True,False,False,False
REF00195,USR00851,USR01033,2024-08-29 06:02:27,100,pending,False,False,False,False
REF00196,USR01739,USR00917,2024-10-18 04:40:24,200,paid,True,False,False,False
REF00197,USR00353,USR01285,2024-12-01 13:56:56,50,pending,True,False,False,False
REF00198,USR01017,USR01962,2024-05-02 15:56:09,100,pending,True,False,False,False
REF00199,USR01522,USR00346,2024-12-08 11:59:20,150,paid,True,False,False,False
REF00200,USR00837,USR01605,2024-09-02 21:54:01,200,paid,True,False,False,False
REF00201,USR00694,USR00515,2024-01-05 18:06:04,100,paid,False,False,False,False
REF00202,USR00628,USR00731,2024-04-17 23:33:44,200,pending,True,False,False,False
REF00203,USR01662,USR00174,2024-12-30 13:58:44,100,paid,True,False,False,False
REF00204,USR01982,USR01207,2024-07-11 20:29:38,50,paid,True,False,False,False
REF00205,USR00528,USR00718,2024-12-13 14:06:15,150,paid,True,False,False,False
REF00206,USR01446,USR01424,2024-04-29 22:11:52,200,paid,True,False,False,False
REF00207,USR00417,USR00700,2024-07-19 19:53:31,150,rejected,False,False,False,False
REF00208,USR00473,USR01845,2024-11-24 14:43:04,100,pending,True,False,False,False
REF00209,USR01036,USR00721,2024-09-16 19:42:36,200,rejected,False,False,False,False
REF00210,USR00887,USR01844,2024-02-29 09:37:57,150,paid,True,False,False,False
REF00211,USR01641,USR01780,2024-04-06 20:33:19,150,pending,True,False,False,False
REF00212,USR01858,USR01888,2024-03-14 12:34:00,150,paid,True,False,False,False
REF00213,USR01119,USR00292,2024-11-19 02:31:32,150,paid,True,False,False,False
REF00214,USR00951,USR00223,2024-11-14 19:59:12,200,pending,True,False,False,False
REF00215,USR00326,USR01969,2024-02-26 09:44:46,150,paid,True,False,False,False
REF00216,USR00881,USR01733,2024-11-18 23:19:45,200,paid,False,False,False,False
REF00217,USR01706,USR01110,2024-10-10 18:47:30,100,paid,True,False,False,False
REF00218,USR01296,USR01742,2024-03-13 04:52:01,200,pending,True,False,False,False
REF00219,USR00022,USR00281,2024-12-13 06:25:51,200,paid,True,False,False,False
REF00220,USR00877,USR01439,2024-08-07 03:19:44,50,paid,True,False,False,False
REF00221,USR01527,USR01605,2024-07-23 12:01:29,50,paid,False,True,False,True
REF00222,USR00997,USR00547,2024-02-05 01:54:57,50,paid,True,False,False,False
REF00223,USR01424,USR01704,2024-08-24 01:29:59,50,paid,True,False,False,False
REF00224,USR00017,USR01562,2024-10-12 18:07:57,100,paid,True,False,False,False
REF00225,USR01784,USR01165,2024-01-12 05:51:58,100,pending,True,False,False,False
REF00226,USR01319,USR00435,2024-10-20 05:35:22,50,paid,True,False,False,False
REF00227,USR00210,USR01608,2024-12-16 07:28:34,200,paid,True,False,False,False
REF00228,USR01520,USR00962,2024-10-29 09:26:06,150,paid,True,False,False,False
REF00229,USR00099,USR01375,2024-06-13 11:21:53,100,paid,True,False,False,False
REF00230,USR00524,USR00003,2024-05-04 16:36:09,100,rejected,False,False,False,False
REF00231,USR00518,USR01679,2024-01-10 02:27:36,100,pending,True,False,False,False
REF00232,USR01157,USR01230,2024-10-20 10:17:56,150,paid,True,False,False,False
REF00233,USR01419,USR01136,2024-12-02 21:16:03,150,paid,False,False,False,False
REF00234,USR00502,USR01948,2024-09-01 20:09:37,150,paid,True,False,False,False
REF00235,USR01926,USR00982,2024-02-03 20:25:21,150,paid,True,False,False,False
REF00236,USR00937,USR01684,2024-12-18 10:56:08,100,paid,True,False,False,False
REF00237,USR00911,USR00921,2024-03-20 15:16:21,100,paid,False,False,False,False
REF00238,USR00105,USR00022,2024-08-25 22:35:59,200,paid,False,False,False,False
REF00239,USR00604,USR00985,2024-09-15 14:10:37,150,rejected,True,False,False,False
REF00240,USR00390,USR00633,2024-02-23 02:05:26,150,paid,True,False,False,False
REF00241,USR01009,USR01509,2024-06-30 03:12:40,50,paid,True,False,False,False
REF00242,USR00043,USR00685,2024-04-08 03:35:42,150,pending,True,False,False,False
REF00243,USR00419,USR00928,2024-03-21 08:02:10,100,paid,True,False,False,False
REF00244,USR01694,USR01709,2024-04-10 20:08:55,50,rejected,True,False,False,False
REF00245,USR01529,USR01508,2024-06-08 23:37:14,150,pending,True,False,False,False
REF00246,USR00640,USR01025,2024-07-27 18:36:30,150,pending,True,False,False,False
REF00247,USR01579,USR01943,2024-02-23 07:20:57,50,pending,True,False,False,False
REF00248,USR00864,USR00260,2024-09-13 12:38:30,200,paid,False,False,False,False
REF00249,USR00181,USR00742,2024-09-14 12:39:32,50,paid,False,False,False,False
REF00250,USR00380,USR01658,2024-01-25 20:55:52,50,paid,True,False,False,False
REF00251,USR00747,USR00931,2024-02-09 13:47:58,150,paid,True,False,False,False
REF00252,USR01034,USR00223,2024-01-28 20:12:28,50,paid,True,False,False,False
REF00253,USR01168,USR01592,2024-06-03 01:18:13,50,paid,False,False,False,False
REF00254,USR00010,USR01099,2024-05-06 11:41:51,50,paid,True,False,False,False
REF00255,USR01430,USR00838,2024-10-20 12:33:44,100,paid,True,False,False,False
REF00256,USR01806,USR01452,2024-01-20 06:59:34,200,pending,True,False,False,False
REF00257,USR01493,USR01008,2024-09-16 18:56:37,150,paid,False,False,False,False
REF00258,USR01939,USR01544,2024-06-26 05:31:08,50,pending,True,False,False,False
REF00259,USR01319,USR00673,2024-03-22 06:56:27,150,pending,True,False,False,False
REF00260,USR01342,USR00787,2024-02-28 18:09:08,200,paid,True,False,False,False
REF00261,USR00743,USR00536,2024-09-28 08:52:16,50,pending,True,False,False,False
REF00262,USR01846,USR00935,2024-03-29 22:43:35,200,paid,False,False,False,False
REF00263,USR00377,USR01412,2024-08-10 00:49:06,150,paid,False,False,False,False
REF00264,USR01519,USR00626,2024-09-17 17:37:35,100,pending,True,False,False,False
REF00265,USR00882,USR01683,2024-03-21 20:07:35,150,paid,True,False,False,False
REF00266,USR00319,USR00581,2024-05-19 14:48:35,100,pending,False,False,False,False
REF00267,USR01467,USR00808,2024-04-04 14:03:42,100,rejected,True,False,False,False
REF00268,USR00462,USR00395,2024-05-29 16:45:25,100,paid,True,False,False,False
REF00269,USR00759,USR00850,2024-02-06 09:26:10,150,paid,True,False,False,False
REF00270,USR01580,USR01821,2024-01-07 11:21:10,100,pending,True,False,False,False
REF00271,USR01984,USR00396,2024-02-26 21:17:08,100,paid,True,True,False,True
REF00272,USR00488,USR00683,2024-12-21 20:43:30,150,paid,True,False,False,True
REF00273,USR00837,USR01337,2024-12-03 08:00:28,100,rejected,True,False,False,False
REF00274,USR00104,USR00942,2024-06-30 05:36:15,100,paid,True,True,True,True
REF00275,USR01614,USR01392,2024-09-17 08:04:33,50,pending,True,False,False,False
REF00276,USR01137,USR00447,2024-10-03 16:04:13,100,rejected,False,False,False,False
REF00277,USR00641,USR00326,2024-03-09 14:08:46,50,pending,True,False,False,False
REF00278,USR01518,USR00166,2024-05-06 15:20:52,150,paid,True,False,False,False
REF00279,USR00325,USR01226,2024-12-29 00:28:54,200,paid,True,False,False,False
REF00280,USR00301,USR01619,2024-12-28 23:45:41,100,paid,False,False,False,False
REF00281,USR01221,USR00268,2024-08-15 23:30:39,150,pending,False,False,False,False
REF00282,USR00520,USR00489,2024-12-10 12:05:55,150,pending,True,False,False,False
REF00283,USR01637,USR01593,2024-04-18 01:44:23,50,paid,False,False,False,False
REF00284,USR00404,USR00527,2024-07-14 07:56:44,200,paid,True,False,False,False
REF00285,USR01918,USR00835,2024-04-06 21:21:57,150,paid,True,False,False,False
REF00286,USR00110,USR01382,2024-05-02 06:36:28,200,pending,True,False,False,False
REF00287,USR01503,USR00321,2024-06-04 03:56:02,200,paid,False,False,False,False
REF00288,USR01249,USR01381,2024-05-23 16:39:15,50,pending,True,False,False,False
REF00289,USR00994,USR00786,2024-02-24 07:38:06,150,paid,True,False,False,False
REF00290,USR00918,USR00968,2024-11-26 00:31:48,100,paid,True,False,False,False
REF00291,USR01395,USR01693,2024-12-30 01:00:10,200,pending,True,False,False,False
REF00292,USR01850,USR01319,2024-07-14 20:40:35,150,pending,True,False,False,False
REF00293,USR00905,USR00313,2024-08-12 22:55:42,50,paid,True,False,False,False
REF00294,USR01823,USR01962,2024-10-02 17:43:21,100,paid,True,False,False,False
REF00295,USR01193,USR01157,2024-04-09 07:07:51,100,pending,True,False,False,False
REF00296,USR01497,USR01334,2024-07-23 11:11:09,200,paid,True,False,False,False
REF00297,USR00537,USR01469,2024-05-25 10:03:30,150,paid,True,False,False,False
REF00298,USR00809,USR01694,2024-10-03 14:07:09,100,paid,True,False,False,False
REF00299,USR01246,USR01595,2024-09-09 10:28:41,100,paid,False,False,False,False
REF00300,USR00189,USR00757,2024-10-26 19:04:27,100,paid,True,False,False,False
REF00301,USR01788,USR00534,2024-08-19 22:25:35,100,paid,True,False,False,False
REF00302,USR00149,USR00646,2024-10-17 14:23:07,100,paid,True,False,False,False
REF00303,USR01705,USR00187,2024-07-23 10:45:21,50,pending,True,False,False,False
REF00304,USR00926,USR00383,2024-12-09 15:33:42,150,pending,True,False,False,False
REF00305,USR01070,USR01564,2024-01-28 18:19:34,50,pending,True,False,False,False
REF00306,USR01757,USR00286,2024-10-18 07:52:09,200,paid,True,False,False,False
REF00307,USR01474,USR01459,2024-11-26 04:25:09,200,paid,True,False,False,False
REF00308,USR01550,USR01139,2024-02-16 04:05:48,100,rejected,False,False,False,False
REF00309,USR00965,USR00705,2024-08-20 09:52:24,100,pending,True,False,False,False
REF00310,USR00967,USR01647,2024-06-16 13:19:20,50,paid,True,False,False,False
REF00311,USR01104,USR00894,2024-05-11 22:15:22,150,paid,True,False,False,False
REF00312,USR01248,USR01240,2024-11-02 16:40:05,50,paid,True,False,False,False
REF00313,USR01437,USR01124,2024-11-26 02:31:21,100,paid,True,False,False,False
REF00314,USR00597,USR00448,2024-09-26 07:21:22,100,paid,True,False,False,False
REF00315,USR00103,USR01211,2024-01-14 07:33:51,100,pending,True,False,False,False
REF00316,USR00925,USR00656,2024-06-21 05:50:25,100,pending,False,False,False,False
REF00317,USR00800,USR01967,2024-03-28 04:12:59,100,paid,True,False,False,False
REF00318,USR01213,USR00389,2024-03-29 02:58:34,100,paid,True,False,False,False
REF00319,USR01621,USR00126,2024-08-08 15:29:31,50,paid,False,False,False,False
REF00320,USR01360,USR00962,2024-05-16 21:38:28,100,paid,True,False,False,False
REF00321,USR01431,USR01034,2024-09-23 12:10:48,100,paid,True,False,False,False
REF00322,USR01010,USR00857,2024-11-02 16:34:47,50,pending,True,False,False,False
REF00323,USR00961,USR01042,2024-01-27 01:05:53,150,pending,True,False,False,False
REF00324,USR01205,USR00364,2024-12-04 03:45:27,150,paid,False,True,False,True
REF00325,USR00361,USR00405,2024-10-25 07:04:18,200,paid,True,False,False,False
REF00326,USR00089,USR00510,2024-06-26 17:55:32,50,paid,True,True,False,True
REF00327,USR00976,USR01335,2024-06-27 01:54:07,50,paid,True,False,False,False
REF00328,USR00643,USR01108,2024-10-20 11:54:01,200,pending,True,False,False,False
REF00329,USR01803,USR01560,2024-10-09 07:19:27,150,paid,True,False,False,False
REF00330,USR00641,USR01280,2024-05-06 03:11:19,150,pending,True,False,False,False
REF00331,USR00929,USR00885,2024-07-16 21:34:01,150,paid,True,False,False,False
REF00332,USR01378,USR01208,2024-08-15 12:41:04,100,rejected,True,False,False,False
REF00333,USR01007,USR00344,2024-06-27 11:55:20,200,paid,True,False,False,False
REF00334,USR00507,USR01363,2024-11-27 18:54:25,200,paid,True,False,False,False
REF00335,USR00538,USR00014,2024-12-01 17:03:06,200,paid,False,False,False,False
REF00336,USR01691,USR01920,2024-06-27 20:38:10,50,pending,True,False,False,False
REF00337,USR00188,USR00644,2024-12-15 20:43:57,100,paid,False,False,True,True
REF00338,USR00831,USR01372,2024-05-07 13:24:06,100,pending,False,False,False,False
REF00339,USR01817,USR01525,2024-05-06 15:29:59,100,pending,False,False,False,False
REF00340,USR01065,USR01862,2024-07-06 15:15:43,150,pending,True,False,False,False
REF00341,USR01682,USR00773,2024-05-18 10:02:58,100,paid,True,False,False,False
REF00342,USR01655,USR01521,2024-09-23 09:18:01,50,rejected,True,False,False,False
REF00343,USR01370,USR00197,2024-06-05 00:34:18,100,paid,True,False,False,False
REF00344,USR00517,USR01456,2024-07-10 07:36:54,50,pending,False,False,False,False
REF00345,USR01322,USR00599,2024-10-23 00:13:36,100,paid,False,False,False,False
REF00346,USR00127,USR00006,2024-03-22 00:34:47,50,paid,True,False,False,False
REF00347,USR01714,USR00050,2024-07-30 12:15:50,150,paid,False,False,False,False
REF00348,USR01095,USR00150,2024-08-26 00:02:43,50,paid,False,False,False,False
REF00349,USR00070,USR00366,2024-07-07 08:22:18,150,paid,True,False,False,False
REF00350,USR00257,USR00588,2024-05-20 06:47:28,50,paid,True,False,False,False
REF00351,USR01509,USR01599,2024-01-18 00:11:55,200,pending,False,False,False,False
REF00352,USR00271,USR00858,2024-03-31 19:35:01,100,rejected,True,False,False,False
REF00353,USR00666,USR00208,2024-02-01 05:19:13,150,pending,False,False,False,False
REF00354,USR00343,USR00498,2024-10-15 07:25:58,100,pending,False,False,False,False
REF00355,USR01939,USR00374,2024-06-26 20:19:01,50,paid,True,False,False,False
REF00356,USR00077,USR01355,2024-08-31 00:45:47,150,paid,True,True,True,True
REF00357,USR01498,USR01725,2024-12-28 05:36:33,100,pending,True,False,False,False
REF00358,USR01399,USR00439,2024-03-11 02:36:51,100,paid,False,False,False,False
REF00359,USR00504,USR00010,2024-03-10 11:37:35,50,paid,False,False,False,False
REF00360,USR00979,USR01445,2024-09-26 09:40:09,150,pending,False,False,False,False
REF00361,USR00558,USR00037,2024-01-03 08:20:30,200,paid,True,False,False,False
REF00362,USR00138,USR00023,2024-01-19 11:34:26,150,rejected,True,False,False,False
REF00363,USR00601,USR01583,2024-01-03 14:24:00,200,pending,False,False,False,False
REF00364,USR01168,USR01347,2024-02-21 01:27:34,50,paid,True,False,False,False
REF00365,USR01942,USR00778,2024-06-24 13:39:52,150,paid,True,False,False,False
REF00366,USR01306,USR01289,2024-01-11 07:12:54,50,paid,False,False,False,False
REF00367,USR00502,USR00787,2024-09-12 12:50:33,50,paid,False,False,False,False
REF00368,USR01311,USR01923,2024-04-22 13:54:26,50,pending,True,False,False,False
REF00369,USR00870,USR00300,2024-05-21 22:36:04,200,paid,False,False,False,False
REF00370,USR01307,USR01934,2024-12-12 12:25:18,150,pending,True,False,False,False
REF00371,USR00481,USR00968,2024-05-27 13:49:19,200,rejected,True,False,False,False
REF00372,USR00165,USR00358,2024-11-11 02:01:26,150,paid,True,False,False,False
REF00373,USR01345,USR00116,2024-09-12 02:55:45,150,pending,True,False,False,False
REF00374,USR00480,USR00377,2024-06-15 03:43:06,150,pending,True,False,False,False
REF00375,USR01067,USR01017,2024-11-28 08:51:03,200,pending,False,False,False,False
REF00376,USR01386,USR01997,2024-10-01 13:15:24,200,paid,True,False,False,False
REF00377,USR01129,USR00437,2024-12-28 09:06:16,200,pending,False,False,False,False
REF00378,USR00170,USR01678,2024-01-25 20:09:56,100,paid,True,False,False,False
REF00379,USR01378,USR00699,2024-05-14 15:01:02,100,paid,False,False,False,False
REF00380,USR00029,USR01447,2024-10-01 15:29:59,150,rejected,False,False,False,False
REF00381,USR00124,USR00576,2024-11-23 01:47:16,200,paid,True,False,False,False
REF00382,USR00638,USR00379,2024-06-03 20:09:39,50,paid,True,True,True,True
REF00383,USR01920,USR00796,2024-09-05 01:04:43,150,pending,True,False,False,False
REF00384,USR01406,USR00401,2024-09-26 02:43:40,50,paid,True,False,False,False
REF00385,USR01849,USR01925,2024-05-13 12:42:24,50,pending,True,False,False,False
REF00386,USR00876,USR01495,2024-04-07 15:53:12,100,pending,True,True,False,True
REF00387,USR01648,USR01843,2024-03-05 15:56:37,50,paid,False,False,False,False
REF00388,USR01274,USR01796,2024-09-08 14:12:52,100,paid,False,False,False,False
REF00389,USR01730,USR01926,2024-11-11 02:24:22,150,pending,True,False,False,False
REF00390,USR01617,USR01264,2024-01-28 07:24:47,150,paid,True,False,False,False
REF00391,USR01741,USR01557,2024-07-29 15:27:11,100,paid,True,False,False,False
REF00392,USR00394,USR01880,2024-01-10 04:18:26,150,pending,True,False,False,False
REF00393,USR00693,USR00569,2024-06-15 19:46:48,150,paid,True,False,False,False
REF00394,USR01528,USR00671,2024-05-07 13:33:32,200,paid,True,False,False,False
REF00395,USR01904,USR00087,2024-07-26 21:29:47,150,pending,True,True,False,True
REF00396,USR00417,USR00989,2024-03-24 03:02:25,200,paid,True,False,False,False
REF00397,USR01661,USR00937,2024-05-16 22:18:26,100,paid,True,False,False,False
REF00398,USR01248,USR01472,2024-07-08 00:44:01,50,paid,True,False,False,False
REF00399,USR00441,USR00774,2024-12-04 23:45:56,200,paid,True,False,False,False
REF00400,USR00595,USR01630,2024-08-23 18:20:37,200,pending,True,False,False,False
REF00401,USR01273,USR01477,2024-11-05 20:24:36,150,paid,True,False,False,False
REF00402,USR00495,USR01408,2024-06-18 23:30:16,100,paid,False,False,False,False
REF00403,USR00553,USR00813,2024-12-12 04:02:24,200,rejected,True,False,False,False
REF00404,USR01584,USR01572,2024-11-28 19:31:26,100,paid,True,False,False,False
REF00405,USR01467,USR01367,2024-01-27 15:17:26,150,paid,True,False,False,False
REF00406,USR00210,USR01039,2024-11-17 02:07:08,50,paid,True,False,False,False
REF00407,USR01614,USR00312,2024-07-10 16:04:06,200,rejected,True,False,False,False
REF00408,USR00224,USR00961,2024-09-26 04:17:51,200,paid,False,False,False,False
REF00409,USR01560,USR01432,2024-03-25 23:12:08,100,paid,False,False,False,False
REF00410,USR00014,USR01066,2024-06-04 00:45:04,50,paid,False,True,False,True
REF00411,USR01287,USR00123,2024-03-21 19:40:44,200,paid,True,False,False,False
REF00412,USR01467,USR01005,2024-09-23 20:56:24,100,paid,False,False,False,False
REF00413,USR01312,USR00266,2024-08-12 12:58:44,150,paid,True,False,False,False
REF00414,USR00817,USR00104,2024-01-25 01:21:11,100,paid,True,False,True,True
REF00415,USR00589,USR01521,2024-02-25 23:31:47,100,pending,False,False,False,False
REF00416,USR01477,USR00446,2024-09-22 22:44:16,50,pending,True,True,True,True
REF00417,USR01045,USR00450,2024-08-21 04:27:15,150,paid,True,False,False,False
REF00418,USR00662,USR00783,2024-07-05 19:31:09,150,paid,True,False,False,False
REF00419,USR00266,USR00577,2024-04-09 09:26:28,150,paid,True,False,False,False
REF00420,USR01698,USR01749,2024-06-16 00:23:07,100,paid,True,True,False,True
REF00421,USR00706,USR01421,2024-03-19 09:38:11,150,paid,False,False,False,False
REF00422,USR00195,USR00373,2024-06-24 23:35:03,50,paid,True,False,False,False
REF00423,USR01609,USR00433,2024-01-08 17:53:40,200,pending,True,False,False,False
REF00424,USR00356,USR01480,2024-05-09 16:25:32,200,pending,False,False,False,False
REF00425,USR00886,USR00690,2024-07-25 10:25:33,150,rejected,True,False,False,False
REF00426,USR01684,USR01717,2024-09-25 17:40:22,150,pending,True,False,False,False
REF00427,USR00185,USR01151,2024-10-01 16:23:17,150,paid,True,False,False,False
REF00428,USR00148,USR01137,2024-09-22 01:25:53,150,paid,False,False,False,False
REF00429,USR01825,USR00449,2024-05-18 13:32:08,150,paid,True,False,False,False
REF00430,USR00574,USR00538,2024-02-07 19:57:20,200,pending,True,False,False,False
REF00431,USR00478,USR00452,2024-01-26 07:33:30,100,paid,True,False,False,False
REF00432,USR01061,USR00696,2024-03-18 10:44:20,50,paid,True,False,False,False
REF00433,USR00195,USR00188,2024-07-10 14:19:23,50,pending,False,False,False,False
REF00434,USR01034,USR00983,2024-02-28 03:22:53,200,pending,True,False,False,False
REF00435,USR01231,USR00480,2024-07-04 22:49:31,150,pending,True,False,False,False
REF00436,USR00830,USR00632,2024-04-04 03:28:28,50,paid,True,False,False,False
REF00437,USR01159,USR01180,2024-11-03 19:25:34,200,paid,True,False,False,False
REF00438,USR01725,USR01235,2024-06-21 19:13:28,100,paid,False,False,False,False
REF00439,USR00935,USR01206,2024-01-21 06:13:21,50,rejected,False,False,False,False
REF00440,USR00897,USR01036,2024-02-10 05:26:19,50,pending,False,False,False,False
REF00441,USR00949,USR01336,2024-05-10 10:32:09,150,paid,True,False,False,False
REF00442,USR01724,USR00437,2024-08-21 09:57:54,50,paid,True,False,False,False
REF00443,USR01738,USR00527,2024-01-20 04:27:28,200,pending,False,False,False,False
REF00444,USR00581,USR00090,2024-04-11 09:49:59,200,paid,False,False,False,False
REF00445,USR01600,USR00964,2024-09-04 07:44:41,50,pending,True,False,False,False
REF00446,USR01756,USR00185,2024-05-11 19:58:51,50,rejected,True,False,False,False
REF00447,USR01368,USR00221,2024-08-05 12:10:36,200,pending,False,False,False,False
REF00448,USR01239,USR01326,2024-08-17 18:03:48,50,paid,True,False,False,False
REF00449,USR00613,USR00482,2024-07-16 19:59:00,200,pending,False,False,False,False
REF00450,USR01606,USR00782,2024-02-16 03:03:14,150,pending,True,False,False,False
REF00451,USR01620,USR01217,2024-02-04 21:16:44,50,paid,True,False,False,False
REF00452,USR01179,USR00410,2024-03-22 00:06:07,150,paid,True,False,False,False
REF00453,USR00411,USR01391,2024-11-01 08:00:05,200,rejected,False,False,False,False
REF00454,USR00218,USR01680,2024-12-27 12:23:02,150,paid,True,False,False,False
REF00455,USR01334,USR01919,2024-12-27 16:17:09,200,paid,False,False,False,False
REF00456,USR01151,USR01083,2024-01-11 07:52:55,50,pending,True,False,False,False
REF00457,USR01588,USR01997,2024-04-03 15:17:56,200,pending,True,True,False,True
REF00458,USR00322,USR00514,2024-10-16 07:27:10,200,pending,True,False,False,False
REF00459,USR01767,USR01142,2024-07-23 20:15:18,200,paid,True,False,False,False
REF00460,USR01210,USR00766,2024-04-01 00:37:07,100,paid,True,False,False,False
REF00461,USR00022,USR00705,2024-07-24 09:31:54,50,paid,True,False,False,False
REF00462,USR00599,USR01221,2024-10-09 18:34:25,100,paid,True,False,False,False
REF00463,USR01269,USR01063,2024-11-11 03:39:22,50,rejected,True,False,False,False
REF00464,USR00600,USR00174,2024-11-20 20:52:10,150,paid,True,False,False,False
REF00465,USR00298,USR00033,2024-03-04 18:01:06,150,paid,True,False,False,False
REF00466,USR00548,USR00552,2024-05-27 08:53:59,100,paid,True,False,False,False
REF00467,USR01777,USR00361,2024-04-30 13:31:50,150,paid,True,False,False,False
REF00468,USR01667,USR01148,2024-05-14 12:28:38,150,paid,False,False,False,False
REF00469,USR00452,USR00476,2024-03-04 04:24:44,150,paid,True,False,False,False
REF00470,USR01710,USR01770,2024-07-08 02:38:48,50,paid,True,False,False,False
REF00471,USR00617,USR01182,2024-03-23 04:56:26,150,paid,True,False,True,True
REF00472,USR01132,USR01145,2024-07-26 09:03:51,150,paid,True,False,False,False
REF00473,USR00964,USR01601,2024-10-24 13:01:58,50,paid,True,False,False,False
REF00474,USR01997,USR01122,2024-03-18 16:15:41,200,paid,True,False,False,False
REF00475,USR00316,USR01160,2024-12-09 05:43:21,200,paid,True,True,False,True
REF00476,USR00065,USR01371,2024-02-17 03:41:47,100,paid,True,False,False,False
REF00477,USR01608,USR00246,2024-07-12 11:07:58,100,pending,True,False,False,False
REF00478,USR01568,USR00716,2024-10-28 07:49:07,50,paid,True,False,False,False
REF00479,USR01841,USR00607,2024-09-30 01:24:37,150,paid,False,False,False,False
REF00480,USR00254,USR01582,2024-06-18 18:41:24,150,pending,True,False,False,False
REF00481,USR01368,USR00423,2024-10-16 04:14:45,50,pending,False,False,False,False
REF00482,USR00269,USR00383,2024-09-19 02:47:22,50,paid,False,False,False,False
REF00483,USR01865,USR00538,2024-01-01 09:59:10,150,rejected,True,False,False,False
REF00484,USR01065,USR00789,2024-03-10 09:13:57,100,paid,True,False,False,False
REF00485,USR01229,USR01390,2024-02-27 06:59:45,100,paid,True,False,False,False
REF00486,USR00648,USR01064,2024-06-02 02:51:51,200,pending,True,False,False,False
REF00487,USR00404,USR00251,2024-07-17 09:18:16,50,paid,False,False,False,False
REF00488,USR01775,USR01500,2024-06-17 02:47:50,200,pending,True,False,False,False
REF00489,USR01392,USR00859,2024-03-30 10:00:12,200,paid,False,False,False,False
REF00490,USR00854,USR01436,2024-03-01 20:46:35,100,paid,True,False,False,False
REF00491,USR01608,USR00268,2024-04-15 12:39:03,50,paid,False,False,False,False
REF00492,USR01613,USR01968,2024-09-24 12:26:57,150,paid,False,False,False,False
REF00493,USR01007,USR00271,2024-12-18 17:14:18,50,paid,False,False,False,False
REF00494,USR00262,USR01212,2024-04-12 01:41:29,100,paid,True,False,False,False
REF00495,USR01045,USR01061,2024-04-01 00:47:02,200,paid,True,False,False,False
REF00496,USR00694,USR00548,2024-05-22 01:09:47,50,paid,True,False,False,False
REF00497,USR00411,USR00069,2024-05-26 22:14:18,100,paid,True,False,False,False
REF00498,USR00204,USR01705,2024-04-22 20:06:16,150,rejected,True,False,False,False
REF00499,USR01809,USR00341,2024-10-14 03:15:18,50,paid,False,False,False,False
REF00500,USR00470,USR01517,2024-03-30 05:13:56,100,paid,True,False,False,False
REF00501,USR00878,USR01321,2024-08-17 05:02:56,100,paid,True,False,False,False
REF00502,USR01123,USR01106,2024-05-09 06:35:59,100,paid,True,False,False,False
REF00503,USR01752,USR01048,2024-02-04 06:58:28,100,paid,True,False,False,False
REF00504,USR00859,USR00563,2024-04-20 00:15:25,200,paid,False,False,False,False
REF00505,USR00221,USR00200,2024-10-24 17:36:11,150,paid,True,False,False,False
REF00506,USR01713,USR00230,2024-03-20 20:52:49,150,rejected,True,False,False,False
REF00507,USR01421,USR00253,2024-12-16 22:15:36,150,paid,True,False,False,False
REF00508,USR00910,USR01866,2024-12-12 23:02:27,100,pending,True,False,False,False
REF00509,USR00888,USR01113,2024-01-17 13:14:53,100,pending,False,False,False,False
REF00510,USR00979,USR00166,2024-09-28 18:42:00,200,paid,True,False,False,False
REF00511,USR00387,USR01640,2024-07-14 19:22:04,200,paid,True,False,False,False
REF00512,USR01118,USR01071,2024-10-14 07:15:46,200,pending,False,False,False,False
REF00513,USR00121,USR00883,2024-09-26 20:07:57,100,pending,True,False,True,True
REF00514,USR00140,USR01008,2024-11-20 16:01:08,200,paid,False,False,False,False
REF00515,USR01871,USR00567,2024-04-08 03:41:30,200,pending,True,False,False,False
REF00516,USR01212,USR00912,2024-05-31 12:44:10,100,paid,True,True,True,True
REF00517,USR00527,USR01954,2024-04-11 14:13:47,50,pending,True,True,False,True
REF00518,USR01223,USR00052,2024-12-15 14:09:04,50,paid,True,False,False,False
REF00519,USR00750,USR00624,2024-10-11 21:17:45,50,pending,True,False,False,False
REF00520,USR01229,USR00899,2024-04-23 04:43:32,200,paid,True,False,False,False
REF00521,USR01210,USR00285,2024-05-27 19:39:31,50,paid,True,False,False,False
REF00522,USR01018,USR00170,2024-08-08 13:47:35,50,rejected,False,True,False,True
REF00523,USR00317,USR00548,2024-05-14 14:06:24,50,paid,False,False,False,False
REF00524,USR01872,USR01620,2024-01-14 00:47:01,100,paid,True,False,False,False
REF00525,USR01281,USR01387,2024-02-20 21:34:27,200,paid,True,False,False,False
REF00526,USR00644,USR01378,2024-06-18 07:14:05,150,paid,False,False,False,False
REF00527,USR00185,USR00832,2024-03-31 17:29:41,200,paid,True,False,False,False
REF00528,USR01008,USR01029,2024-10-28 02:23:39,50,paid,True,False,False,False
REF00529,USR00073,USR00430,2024-05-03 01:33:55,100,rejected,False,False,True,True
REF00530,USR01989,USR01840,2024-02-18 12:27:42,100,rejected,True,False,False,False
REF00531,USR01708,USR01730,2024-08-17 19:25:48,150,paid,False,True,True,True
REF00532,USR01374,USR01621,2024-01-02 07:56:00,50,paid,True,False,False,False
REF00533,USR01365,USR00710,2024-02-03 15:51:59,100,paid,True,False,False,False
REF00534,USR00438,USR01660,2024-11-07 14:25:03,50,pending,False,False,False,False
REF00535,USR00058,USR01897,2024-11-11 20:08:18,150,paid,True,False,False,False
REF00536,USR00218,USR01993,2024-07-11 05:14:59,100,rejected,True,False,False,False
REF00537,USR01891,USR00939,2024-12-15 01:19:21,50,pending,True,False,False,False
REF00538,USR00636,USR01029,2024-01-25 11:10:29,100,pending,True,False,False,False
REF00539,USR01677,USR00473,2024-08-23 12:52:54,150,pending,True,False,False,False
REF00540,USR00313,USR01404,2024-09-22 05:04:42,50,paid,True,False,False,False
REF00541,USR00642,USR00213,2024-02-27 14:54:52,150,paid,True,False,False,False
REF00542,USR01768,USR01237,2024-07-09 04:08:54,50,paid,True,False,False,False
REF00543,USR00669,USR00195,2024-05-15 14:17:56,100,paid,True,False,False,False
REF00544,USR01422,USR01522,2024-02-10 09:50:09,50,paid,True,False,False,False
REF00545,USR01517,USR00077,2024-11-13 03:40:31,150,paid,False,False,False,False
REF00546,USR01028,USR00004,2024-05-01 19:57:43,200,paid,False,False,False,False
REF00547,USR00872,USR00315,2024-02-08 13:07:55,200,paid,True,False,False,False
REF00548,USR00156,USR01444,2024-10-18 21:57:59,50,paid,True,False,False,False
REF00549,USR00045,USR00798,2024-09-19 19:47:04,100,paid,False,False,False,False
REF00550,USR01268,USR01376,2024-03-11 23:06:13,200,pending,True,False,False,False
REF00551,USR01941,USR00159,2024-02-03 04:29:43,100,pending,True,False,False,False
REF00552,USR01164,USR00050,2024-03-01 00:36:09,150,paid,False,False,False,False
REF00553,USR00566,USR00485,2024-03-28 21:36:23,50,paid,True,False,False,False
REF00554,USR00953,USR00376,2024-09-02 03:43:07,50,paid,True,False,False,False
REF00555,USR01931,USR01330,2024-01-11 16:56:53,50,rejected,True,False,False,False
REF00556,USR01145,USR00026,2024-08-14 09:09:04,50,pending,False,False,True,True
REF00557,USR00886,USR01679,2024-07-10 05:08:52,50,paid,False,False,False,False
REF00558,USR00224,USR01422,2024-11-11 09:31:18,200,paid,True,False,False,False
REF00559,USR01820,USR01337,2024-12-06 16:17:32,50,paid,True,False,False,False
REF00560,USR01981,USR00546,2024-08-14 06:09:51,150,paid,True,True,True,True
REF00561,USR00847,USR00964,2024-11-03 15:21:44,150,paid,True,False,False,False
REF00562,USR01512,USR01112,2024-11-09 17:45:20,100,paid,False,False,False,False
REF00563,USR00794,USR01229,2024-03-02 00:56:23,50,pending,True,False,False,False
REF00564,USR01713,USR00768,2024-06-18 11:10:01,100,rejected,True,False,False,False
REF00565,USR00413,USR00564,2024-01-11 22:37:12,150,pending,False,False,False,False
REF00566,USR00481,USR00362,2024-03-17 06:37:04,150,pending,False,False,False,False
REF00567,USR00463,USR01676,2024-05-20 12:29:22,50,paid,True,False,False,False
REF00568,USR00987,USR00479,2024-05-23 03:16:24,50,paid,False,False,False,False
REF00569,USR01940,USR00169,2024-03-17 12:46:56,150,paid,True,False,False,False
REF00570,USR01045,USR00913,2024-12-01 16:38:03,50,paid,True,False,False,False
REF00571,USR00929,USR01167,2024-05-10 01:21:59,100,paid,False,False,False,False
REF00572,USR01983,USR00765,2024-03-17 02:46:16,100,paid,True,False,False,False
REF00573,USR01168,USR01411,2024-09-10 00:16:35,200,paid,True,False,False,False
REF00574,USR00064,USR01581,2024-03-03 16:10:33,150,paid,False,False,False,False
REF00575,USR00021,USR00667,2024-09-04 15:14:16,150,paid,True,False,False,False
REF00576,USR00656,USR01774,2024-10-11 07:46:45,200,paid,True,False,False,False
REF00577,USR01042,USR00951,2024-05-18 16:01:10,100,paid,False,False,False,False
REF00578,USR00365,USR00092,2024-11-16 09:39:42,100,paid,True,False,False,False
REF00579,USR00621,USR01426,2024-08-10 20:45:30,100,paid,True,False,False,False
REF00580,USR00347,USR01856,2024-08-12 09:33:20,200,paid,True,False,False,False
REF00581,USR01976,USR00483,2024-11-09 11:50:27,100,paid,False,False,False,False
REF00582,USR01175,USR00408,2024-04-22 06:50:16,100,paid,True,False,False,False
REF00583,USR01264,USR01733,2024-09-02 12:51:00,50,pending,False,True,True,True
REF00584,USR00231,USR00318,2024-01-19 09:41:10,150,pending,True,False,False,False
REF00585,USR01209,USR00675,2024-07-22 02:35:00,100,paid,True,False,False,False
REF00586,USR01174,USR01709,2024-02-22 15:37:18,100,paid,False,False,False,False
REF00587,USR00692,USR00314,2024-05-12 07:22:44,100,pending,True,False,False,False
REF00588,USR00092,USR00874,2024-12-04 18:34:42,100,paid,False,False,False,False
REF00589,USR00511,USR01703,2024-02-28 10:55:13,100,paid,True,False,False,False
REF00590,USR01918,USR01634,2024-01-15 13:05:40,200,paid,False,False,False,False
REF00591,USR01057,USR01813,2024-02-18 16:18:07,50,paid,False,False,False,False
REF00592,USR01118,USR01722,2024-07-06 11:02:21,100,pending,True,False,False,False
REF00593,USR00344,USR01917,2024-04-18 21:20:50,100,pending,True,False,False,False
REF00594,USR01791,USR00704,2024-08-06 04:37:09,100,paid,True,True,False,True
REF00595,USR01624,USR00366,2024-03-16 11:30:14,100,pending,True,False,False,False
REF00596,USR00385,USR00350,2024-07-07 09:48:50,100,rejected,True,False,False,False
REF00597,USR01079,USR00071,2024-07-24 01:54:12,150,pending,True,False,False,False
REF00598,USR01659,USR01227,2024-09-22 23:27:15,200,rejected,True,False,False,False
REF00599,USR01101,USR01570,2024-07-25 06:46:28,50,paid,True,False,False,False
REF00600,USR01721,USR00819,2024-10-06 02:41:56,200,paid,True,False,False,False
